230,NSR:StopPlace:451,1,2,NSR:PlaceEquipment:83,NSR:PlaceEquipment:83,5,1,NSR:WaitingRoomEquipment:62,NSR:WaitingRoomEquipment:62,8,7
530,NSR:StopPlace:263,1,2,NSR:PlaceEquipment:186,NSR:PlaceEquipment:186,2,1,NSR:SanitaryEquipment:94,NSR:SanitaryEquipment:94,2,1
493,NSR:StopPlace:187,1,2,NSR:PlaceEquipment:172,NSR:PlaceEquipment:172,1,2,NSR:SanitaryEquipment:86,NSR:SanitaryEquipment:86,2,1
67748,NSR:StopPlace:5908,1,2,NSR:PlaceEquipment:40643,NSR:PlaceEquipment:40643,2,1,NSR:ShelterEquipment:22354,NSR:ShelterEquipment:22354,2,3
67748,NSR:StopPlace:5908,1,2,NSR:PlaceEquipment:40643,NSR:PlaceEquipment:40643,2,1,NSR:GeneralSign:40589,NSR:GeneralSign:40589,1,3
462,NSR:StopPlace:127,1,2,NSR:PlaceEquipment:160,NSR:PlaceEquipment:160,2,1,NSR:TicketingEquipment:77,NSR:TicketingEquipment:77,1,2
462,NSR:StopPlace:127,1,2,NSR:PlaceEquipment:160,NSR:PlaceEquipment:160,2,1,NSR:SanitaryEquipment:77,NSR:SanitaryEquipment:77,2,1
68,NSR:StopPlace:159,1,2,NSR:PlaceEquipment:23,NSR:PlaceEquipment:23,2,4,NSR:SanitaryEquipment:12,NSR:SanitaryEquipment:12,3,2
473,NSR:StopPlace:152,1,2,NSR:PlaceEquipment:163,NSR:PlaceEquipment:163,2,1,NSR:WaitingRoomEquipment:127,NSR:WaitingRoomEquipment:127,2,1
473,NSR:StopPlace:152,1,2,NSR:PlaceEquipment:163,NSR:PlaceEquipment:163,2,1,NSR:TicketingEquipment:80,NSR:TicketingEquipment:80,2,1
462,NSR:StopPlace:127,1,2,NSR:PlaceEquipment:160,NSR:PlaceEquipment:160,2,1,NSR:WaitingRoomEquipment:124,NSR:WaitingRoomEquipment:124,1,2
396,NSR:StopPlace:15,1,2,NSR:PlaceEquipment:139,NSR:PlaceEquipment:139,1,2,NSR:WaitingRoomEquipment:105,NSR:WaitingRoomEquipment:105,2,1
493,NSR:StopPlace:187,1,2,NSR:PlaceEquipment:172,NSR:PlaceEquipment:172,1,2,NSR:TicketingEquipment:84,NSR:TicketingEquipment:84,2,1
159,NSR:StopPlace:336,1,2,NSR:PlaceEquipment:57,NSR:PlaceEquipment:57,1,2,NSR:WaitingRoomEquipment:45,NSR:WaitingRoomEquipment:45,2,1
159,NSR:StopPlace:336,1,2,NSR:PlaceEquipment:57,NSR:PlaceEquipment:57,1,2,NSR:SanitaryEquipment:29,NSR:SanitaryEquipment:29,2,1
119,NSR:StopPlace:338,1,2,NSR:PlaceEquipment:41,NSR:PlaceEquipment:41,1,2,NSR:TicketingEquipment:19,NSR:TicketingEquipment:19,2,1
289,NSR:StopPlace:519,1,2,NSR:PlaceEquipment:107,NSR:PlaceEquipment:107,1,2,NSR:TicketingEquipment:52,NSR:TicketingEquipment:52,2,1
289,NSR:StopPlace:519,1,2,NSR:PlaceEquipment:107,NSR:PlaceEquipment:107,1,2,NSR:WaitingRoomEquipment:79,NSR:WaitingRoomEquipment:79,2,1
530,NSR:StopPlace:263,1,2,NSR:PlaceEquipment:186,NSR:PlaceEquipment:186,2,1,NSR:WaitingRoomEquipment:146,NSR:WaitingRoomEquipment:146,1,2
134,NSR:StopPlace:245,1,2,NSR:PlaceEquipment:48,NSR:PlaceEquipment:48,2,1,NSR:WaitingRoomEquipment:40,NSR:WaitingRoomEquipment:40,2,1
224,NSR:StopPlace:433,1,2,NSR:PlaceEquipment:82,NSR:PlaceEquipment:82,1,2,NSR:TicketingEquipment:41,NSR:TicketingEquipment:41,2,1
134,NSR:StopPlace:245,1,2,NSR:PlaceEquipment:48,NSR:PlaceEquipment:48,2,1,NSR:SanitaryEquipment:27,NSR:SanitaryEquipment:27,1,2
128,NSR:StopPlace:219,1,2,NSR:PlaceEquipment:46,NSR:PlaceEquipment:46,2,1,NSR:WaitingRoomEquipment:38,NSR:WaitingRoomEquipment:38,2,1
128,NSR:StopPlace:219,1,2,NSR:PlaceEquipment:46,NSR:PlaceEquipment:46,2,1,NSR:SanitaryEquipment:26,NSR:SanitaryEquipment:26,2,3
70363,NSR:StopPlace:58167,1,2,NSR:PlaceEquipment:41358,NSR:PlaceEquipment:41358,1,2,NSR:ShelterEquipment:22697,NSR:ShelterEquipment:22697,2,1
128,NSR:StopPlace:219,1,2,NSR:PlaceEquipment:46,NSR:PlaceEquipment:46,2,1,NSR:TicketingEquipment:24,NSR:TicketingEquipment:24,1,2
70363,NSR:StopPlace:58167,1,2,NSR:PlaceEquipment:41358,NSR:PlaceEquipment:41358,1,2,NSR:GeneralSign:41291,NSR:GeneralSign:41291,2,1
39,NSR:StopPlace:99,1,2,NSR:PlaceEquipment:14,NSR:PlaceEquipment:14,2,1,NSR:SanitaryEquipment:7,NSR:SanitaryEquipment:7,1,2
39,NSR:StopPlace:99,1,2,NSR:PlaceEquipment:14,NSR:PlaceEquipment:14,2,1,NSR:WaitingRoomEquipment:11,NSR:WaitingRoomEquipment:11,1,2
24,NSR:StopPlace:61,1,2,NSR:PlaceEquipment:9,NSR:PlaceEquipment:9,1,2,NSR:SanitaryEquipment:3,NSR:SanitaryEquipment:3,2,1
24,NSR:StopPlace:61,1,2,NSR:PlaceEquipment:9,NSR:PlaceEquipment:9,1,2,NSR:WaitingRoomEquipment:7,NSR:WaitingRoomEquipment:7,2,1
40,NSR:StopPlace:105,1,2,NSR:PlaceEquipment:15,NSR:PlaceEquipment:15,2,1,NSR:WaitingRoomEquipment:12,NSR:WaitingRoomEquipment:12,2,1
134,NSR:StopPlace:245,1,2,NSR:PlaceEquipment:48,NSR:PlaceEquipment:48,2,1,NSR:TicketingEquipment:25,NSR:TicketingEquipment:25,1,2
67525,NSR:StopPlace:36555,2,3,NSR:PlaceEquipment:40613,NSR:PlaceEquipment:40613,2,1,NSR:SanitaryEquipment:22052,NSR:SanitaryEquipment:22052,1,2
74109,NSR:StopPlace:58392,2,3,NSR:PlaceEquipment:42017,NSR:PlaceEquipment:42017,2,1,NSR:WaitingRoomEquipment:24342,NSR:WaitingRoomEquipment:24342,2,1
67424,NSR:StopPlace:34520,2,3,NSR:PlaceEquipment:40579,NSR:PlaceEquipment:40579,1,2,NSR:ShelterEquipment:22312,NSR:ShelterEquipment:22312,2,1
63531,NSR:StopPlace:11,2,3,NSR:PlaceEquipment:3,NSR:PlaceEquipment:3,3,2,NSR:TicketingEquipment:3,NSR:TicketingEquipment:3,3,2
63531,NSR:StopPlace:11,2,3,NSR:PlaceEquipment:3,NSR:PlaceEquipment:3,3,2,NSR:SanitaryEquipment:2,NSR:SanitaryEquipment:2,3,1
67754,NSR:StopPlace:5908,2,3,NSR:PlaceEquipment:40643,NSR:PlaceEquipment:40643,1,3,NSR:GeneralSign:40589,NSR:GeneralSign:40589,3,2
67557,NSR:StopPlace:36826,2,3,NSR:PlaceEquipment:40628,NSR:PlaceEquipment:40628,1,2,NSR:ShelterEquipment:22343,NSR:ShelterEquipment:22343,2,1
67557,NSR:StopPlace:36826,2,3,NSR:PlaceEquipment:40628,NSR:PlaceEquipment:40628,1,2,NSR:GeneralSign:40572,NSR:GeneralSign:40572,2,1
67529,NSR:StopPlace:36503,2,3,NSR:PlaceEquipment:40618,NSR:PlaceEquipment:40618,1,2,NSR:ShelterEquipment:22335,NSR:ShelterEquipment:22335,2,1
67529,NSR:StopPlace:36503,2,3,NSR:PlaceEquipment:40618,NSR:PlaceEquipment:40618,1,2,NSR:GeneralSign:40559,NSR:GeneralSign:40559,2,1
65791,NSR:StopPlace:302,2,3,NSR:PlaceEquipment:30025,NSR:PlaceEquipment:30025,2,1,NSR:SanitaryEquipment:14007,NSR:SanitaryEquipment:14007,1,2
65791,NSR:StopPlace:302,2,3,NSR:PlaceEquipment:30025,NSR:PlaceEquipment:30025,2,1,NSR:WaitingRoomEquipment:14012,NSR:WaitingRoomEquipment:14012,2,1
63531,NSR:StopPlace:11,2,3,NSR:PlaceEquipment:3,NSR:PlaceEquipment:3,3,2,NSR:WaitingRoomEquipment:2,NSR:WaitingRoomEquipment:2,3,2
61121,NSR:StopPlace:12,2,3,NSR:PlaceEquipment:15137,NSR:PlaceEquipment:15137,1,2,NSR:TicketingEquipment:130,NSR:TicketingEquipment:130,2,1
61121,NSR:StopPlace:12,2,3,NSR:PlaceEquipment:15137,NSR:PlaceEquipment:15137,1,2,NSR:SanitaryEquipment:172,NSR:SanitaryEquipment:172,2,1
61121,NSR:StopPlace:12,2,3,NSR:PlaceEquipment:15137,NSR:PlaceEquipment:15137,1,2,NSR:WaitingRoomEquipment:330,NSR:WaitingRoomEquipment:330,2,1
59829,NSR:StopPlace:429,2,3,NSR:PlaceEquipment:13965,NSR:PlaceEquipment:13965,1,2,NSR:WaitingRoomEquipment:305,NSR:WaitingRoomEquipment:305,2,1
65739,NSR:StopPlace:46,2,3,NSR:PlaceEquipment:147,NSR:PlaceEquipment:147,3,2,NSR:SanitaryEquipment:70,NSR:SanitaryEquipment:70,1,2
65739,NSR:StopPlace:46,2,3,NSR:PlaceEquipment:147,NSR:PlaceEquipment:147,3,2,NSR:WaitingRoomEquipment:113,NSR:WaitingRoomEquipment:113,1,2
60207,NSR:StopPlace:435,2,3,NSR:PlaceEquipment:14023,NSR:PlaceEquipment:14023,1,2,NSR:WaitingRoomEquipment:310,NSR:WaitingRoomEquipment:310,2,1
66003,NSR:StopPlace:94,2,3,NSR:PlaceEquipment:155,NSR:PlaceEquipment:155,3,1,NSR:WaitingRoomEquipment:119,NSR:WaitingRoomEquipment:119,4,3
66213,NSR:StopPlace:159,2,3,NSR:PlaceEquipment:23,NSR:PlaceEquipment:23,4,3,NSR:TicketingEquipment:8,NSR:TicketingEquipment:8,3,4
66213,NSR:StopPlace:159,2,3,NSR:PlaceEquipment:23,NSR:PlaceEquipment:23,4,3,NSR:SanitaryEquipment:12,NSR:SanitaryEquipment:12,2,4
66213,NSR:StopPlace:159,2,3,NSR:PlaceEquipment:23,NSR:PlaceEquipment:23,4,3,NSR:WaitingRoomEquipment:19,NSR:WaitingRoomEquipment:19,4,1
55918,NSR:StopPlace:659,2,3,NSR:PlaceEquipment:13827,NSR:PlaceEquipment:13827,8,1,NSR:TicketingEquipment:118,NSR:TicketingEquipment:118,8,7
63463,NSR:StopPlace:451,2,3,NSR:PlaceEquipment:83,NSR:PlaceEquipment:83,1,2,NSR:SanitaryEquipment:41,NSR:SanitaryEquipment:41,3,2
63463,NSR:StopPlace:451,2,3,NSR:PlaceEquipment:83,NSR:PlaceEquipment:83,1,2,NSR:WaitingRoomEquipment:62,NSR:WaitingRoomEquipment:62,7,6
67212,NSR:StopPlace:56711,2,3,NSR:PlaceEquipment:40449,NSR:PlaceEquipment:40449,1,2,NSR:GeneralSign:40412,NSR:GeneralSign:40412,2,1
67242,NSR:StopPlace:56698,2,3,NSR:PlaceEquipment:40479,NSR:PlaceEquipment:40479,1,2,NSR:ShelterEquipment:22292,NSR:ShelterEquipment:22292,2,1
71400,NSR:StopPlace:58208,2,3,NSR:PlaceEquipment:41471,NSR:PlaceEquipment:41471,1,2,NSR:WaitingRoomEquipment:24266,NSR:WaitingRoomEquipment:24266,4,3
70230,NSR:StopPlace:305,2,3,NSR:PlaceEquipment:41298,NSR:PlaceEquipment:41298,3,1,NSR:TicketingEquipment:24013,NSR:TicketingEquipment:24013,2,1
71410,NSR:StopPlace:58209,2,3,NSR:PlaceEquipment:41472,NSR:PlaceEquipment:41472,2,3,NSR:ShelterEquipment:22735,NSR:ShelterEquipment:22735,3,2
67207,NSR:StopPlace:56789,2,3,NSR:PlaceEquipment:40474,NSR:PlaceEquipment:40474,1,3,NSR:WaitingRoomEquipment:24032,NSR:WaitingRoomEquipment:24032,2,1
67207,NSR:StopPlace:56789,2,3,NSR:PlaceEquipment:40474,NSR:PlaceEquipment:40474,1,3,NSR:GeneralSign:40436,NSR:GeneralSign:40436,2,1
59885,NSR:StopPlace:640,2,3,NSR:PlaceEquipment:13970,NSR:PlaceEquipment:13970,2,1,NSR:TicketingEquipment:120,NSR:TicketingEquipment:120,2,1
59885,NSR:StopPlace:640,2,3,NSR:PlaceEquipment:13970,NSR:PlaceEquipment:13970,2,1,NSR:WaitingRoomEquipment:306,NSR:WaitingRoomEquipment:306,1,2
60016,NSR:StopPlace:684,2,3,NSR:PlaceEquipment:13991,NSR:PlaceEquipment:13991,1,2,NSR:TicketingEquipment:126,NSR:TicketingEquipment:126,2,1
60011,NSR:StopPlace:301,2,3,NSR:PlaceEquipment:13989,NSR:PlaceEquipment:13989,3,2,NSR:TicketingEquipment:124,NSR:TicketingEquipment:124,4,3
61110,NSR:StopPlace:506,2,3,NSR:PlaceEquipment:15136,NSR:PlaceEquipment:15136,3,1,NSR:TicketingEquipment:129,NSR:TicketingEquipment:129,4,3
61123,NSR:StopPlace:136,2,3,NSR:PlaceEquipment:15139,NSR:PlaceEquipment:15139,1,2,NSR:SanitaryEquipment:174,NSR:SanitaryEquipment:174,2,1
67257,NSR:StopPlace:57079,2,3,NSR:PlaceEquipment:40495,NSR:PlaceEquipment:40495,2,1,NSR:ShelterEquipment:22300,NSR:ShelterEquipment:22300,1,2
67525,NSR:StopPlace:36555,2,3,NSR:PlaceEquipment:40613,NSR:PlaceEquipment:40613,2,1,NSR:WaitingRoomEquipment:24064,NSR:WaitingRoomEquipment:24064,2,1
67257,NSR:StopPlace:57079,2,3,NSR:PlaceEquipment:40495,NSR:PlaceEquipment:40495,2,1,NSR:GeneralSign:40457,NSR:GeneralSign:40457,2,1
71706,NSR:StopPlace:714,2,3,NSR:PlaceEquipment:41569,NSR:PlaceEquipment:41569,1,2,NSR:TicketingEquipment:24048,NSR:TicketingEquipment:24048,3,2
71706,NSR:StopPlace:714,2,3,NSR:PlaceEquipment:41569,NSR:PlaceEquipment:41569,1,2,NSR:WaitingRoomEquipment:24317,NSR:WaitingRoomEquipment:24317,3,2
70000,NSR:StopPlace:1848,2,3,NSR:PlaceEquipment:41261,NSR:PlaceEquipment:41261,2,1,NSR:ShelterEquipment:22658,NSR:ShelterEquipment:22658,2,1
67424,NSR:StopPlace:34520,2,3,NSR:PlaceEquipment:40579,NSR:PlaceEquipment:40579,1,2,NSR:SanitaryEquipment:22042,NSR:SanitaryEquipment:22042,2,1
67255,NSR:StopPlace:57029,2,3,NSR:PlaceEquipment:40493,NSR:PlaceEquipment:40493,1,2,NSR:GeneralSign:40455,NSR:GeneralSign:40455,2,1
74109,NSR:StopPlace:58392,2,3,NSR:PlaceEquipment:42017,NSR:PlaceEquipment:42017,2,1,NSR:TicketingEquipment:22032,NSR:TicketingEquipment:22032,1,2
74109,NSR:StopPlace:58392,2,3,NSR:PlaceEquipment:42017,NSR:PlaceEquipment:42017,2,1,NSR:SanitaryEquipment:22137,NSR:SanitaryEquipment:22137,1,2
70319,NSR:StopPlace:398,3,4,NSR:PlaceEquipment:41354,NSR:PlaceEquipment:41354,1,2,NSR:TicketingEquipment:24015,NSR:TicketingEquipment:24015,2,1
64671,NSR:StopPlace:301,3,4,NSR:PlaceEquipment:13989,NSR:PlaceEquipment:13989,2,1,NSR:TicketingEquipment:124,NSR:TicketingEquipment:124,3,2
68453,NSR:StopPlace:36474,3,4,NSR:PlaceEquipment:40838,NSR:PlaceEquipment:40838,1,2,NSR:GeneralSign:40788,NSR:GeneralSign:40788,2,1
66593,NSR:StopPlace:590,3,4,NSR:PlaceEquipment:40024,NSR:PlaceEquipment:40024,2,1,NSR:TicketingEquipment:22004,NSR:TicketingEquipment:22004,2,3
66593,NSR:StopPlace:590,3,4,NSR:PlaceEquipment:40024,NSR:PlaceEquipment:40024,2,1,NSR:WaitingRoomEquipment:24010,NSR:WaitingRoomEquipment:24010,1,3
66593,NSR:StopPlace:590,3,4,NSR:PlaceEquipment:40024,NSR:PlaceEquipment:40024,2,1,NSR:SanitaryEquipment:22004,NSR:SanitaryEquipment:22004,1,2
64453,NSR:StopPlace:653,3,4,NSR:PlaceEquipment:15135,NSR:PlaceEquipment:15135,4,1,NSR:SanitaryEquipment:170,NSR:SanitaryEquipment:170,4,3
74426,NSR:StopPlace:714,3,4,NSR:PlaceEquipment:41569,NSR:PlaceEquipment:41569,2,3,NSR:WaitingRoomEquipment:24317,NSR:WaitingRoomEquipment:24317,2,1
68453,NSR:StopPlace:36474,3,4,NSR:PlaceEquipment:40838,NSR:PlaceEquipment:40838,1,2,NSR:ShelterEquipment:22425,NSR:ShelterEquipment:22425,2,1
71409,NSR:StopPlace:58208,3,4,NSR:PlaceEquipment:41471,NSR:PlaceEquipment:41471,2,3,NSR:WaitingRoomEquipment:24266,NSR:WaitingRoomEquipment:24266,3,2
70701,NSR:StopPlace:56789,3,4,NSR:PlaceEquipment:40474,NSR:PlaceEquipment:40474,3,2,NSR:GeneralSign:40436,NSR:GeneralSign:40436,1,3
70701,NSR:StopPlace:56789,3,4,NSR:PlaceEquipment:40474,NSR:PlaceEquipment:40474,3,2,NSR:WaitingRoomEquipment:24032,NSR:WaitingRoomEquipment:24032,1,3
70701,NSR:StopPlace:56789,3,4,NSR:PlaceEquipment:40474,NSR:PlaceEquipment:40474,3,2,NSR:SanitaryEquipment:22025,NSR:SanitaryEquipment:22025,3,2
70703,NSR:StopPlace:255,3,4,NSR:PlaceEquipment:41416,NSR:PlaceEquipment:41416,1,2,NSR:TicketingEquipment:24023,NSR:TicketingEquipment:24023,2,1
63464,NSR:StopPlace:451,3,4,NSR:PlaceEquipment:83,NSR:PlaceEquipment:83,2,3,NSR:WaitingRoomEquipment:62,NSR:WaitingRoomEquipment:62,6,5
66204,NSR:StopPlace:269,3,4,NSR:PlaceEquipment:12645,NSR:PlaceEquipment:12645,3,4,NSR:WaitingRoomEquipment:297,NSR:WaitingRoomEquipment:297,3,2
66204,NSR:StopPlace:269,3,4,NSR:PlaceEquipment:12645,NSR:PlaceEquipment:12645,3,4,NSR:SanitaryEquipment:130,NSR:SanitaryEquipment:130,4,3
66204,NSR:StopPlace:269,3,4,NSR:PlaceEquipment:12645,NSR:PlaceEquipment:12645,3,4,NSR:TicketingEquipment:115,NSR:TicketingEquipment:115,2,1
66004,NSR:StopPlace:94,3,4,NSR:PlaceEquipment:155,NSR:PlaceEquipment:155,1,4,NSR:SanitaryEquipment:74,NSR:SanitaryEquipment:74,3,2
67458,NSR:StopPlace:435,3,4,NSR:PlaceEquipment:14023,NSR:PlaceEquipment:14023,2,3,NSR:SanitaryEquipment:168,NSR:SanitaryEquipment:168,3,2
65161,NSR:StopPlace:506,3,4,NSR:PlaceEquipment:15136,NSR:PlaceEquipment:15136,1,4,NSR:WaitingRoomEquipment:329,NSR:WaitingRoomEquipment:329,4,3
67515,NSR:StopPlace:36711,3,4,NSR:PlaceEquipment:40610,NSR:PlaceEquipment:40610,2,1,NSR:GeneralSign:40549,NSR:GeneralSign:40549,1,2
65243,NSR:StopPlace:343,3,4,NSR:PlaceEquipment:24029,NSR:PlaceEquipment:24029,5,4,NSR:TicketingEquipment:8009,NSR:TicketingEquipment:8009,5,1
65243,NSR:StopPlace:343,3,4,NSR:PlaceEquipment:24029,NSR:PlaceEquipment:24029,5,4,NSR:WaitingRoomEquipment:8013,NSR:WaitingRoomEquipment:8013,2,3
74426,NSR:StopPlace:714,3,4,NSR:PlaceEquipment:41569,NSR:PlaceEquipment:41569,2,3,NSR:TicketingEquipment:24048,NSR:TicketingEquipment:24048,2,1
67757,NSR:StopPlace:5908,4,5,NSR:PlaceEquipment:40644,NSR:PlaceEquipment:40644,1,2,NSR:ShelterEquipment:22355,NSR:ShelterEquipment:22355,2,1
63465,NSR:StopPlace:451,4,5,NSR:PlaceEquipment:83,NSR:PlaceEquipment:83,3,8,NSR:WaitingRoomEquipment:62,NSR:WaitingRoomEquipment:62,5,4
66205,NSR:StopPlace:269,4,5,NSR:PlaceEquipment:12645,NSR:PlaceEquipment:12645,4,2,NSR:SanitaryEquipment:130,NSR:SanitaryEquipment:130,3,2
66362,NSR:StopPlace:520,4,5,NSR:PlaceEquipment:215,NSR:PlaceEquipment:215,4,3,NSR:SanitaryEquipment:113,NSR:SanitaryEquipment:113,3,4
66362,NSR:StopPlace:520,4,5,NSR:PlaceEquipment:215,NSR:PlaceEquipment:215,4,3,NSR:WaitingRoomEquipment:171,NSR:WaitingRoomEquipment:171,1,3
66408,NSR:StopPlace:659,4,5,NSR:PlaceEquipment:13827,NSR:PlaceEquipment:13827,6,5,NSR:TicketingEquipment:118,NSR:TicketingEquipment:118,1,6
66408,NSR:StopPlace:659,4,5,NSR:PlaceEquipment:13827,NSR:PlaceEquipment:13827,6,5,NSR:SanitaryEquipment:164,NSR:SanitaryEquipment:164,7,1
66408,NSR:StopPlace:659,4,5,NSR:PlaceEquipment:13827,NSR:PlaceEquipment:13827,6,5,NSR:WaitingRoomEquipment:301,NSR:WaitingRoomEquipment:301,3,4
71421,NSR:StopPlace:58208,4,5,NSR:PlaceEquipment:41471,NSR:PlaceEquipment:41471,3,4,NSR:WaitingRoomEquipment:24266,NSR:WaitingRoomEquipment:24266,2,1
64455,NSR:StopPlace:653,4,5,NSR:PlaceEquipment:15135,NSR:PlaceEquipment:15135,1,3,NSR:SanitaryEquipment:170,NSR:SanitaryEquipment:170,3,2
62399,NSR:StopPlace:413,4,5,NSR:PlaceEquipment:16280,NSR:PlaceEquipment:16280,1,2,NSR:TicketingEquipment:144,NSR:TicketingEquipment:144,3,2
64673,NSR:StopPlace:301,4,5,NSR:PlaceEquipment:13989,NSR:PlaceEquipment:13989,1,4,NSR:TicketingEquipment:124,NSR:TicketingEquipment:124,2,1
68257,NSR:StopPlace:590,4,5,NSR:PlaceEquipment:40024,NSR:PlaceEquipment:40024,1,3,NSR:WaitingRoomEquipment:24010,NSR:WaitingRoomEquipment:24010,3,2
64365,NSR:StopPlace:157,4,5,NSR:PlaceEquipment:20097,NSR:PlaceEquipment:20097,8,7,NSR:TicketingEquipment:4006,NSR:TicketingEquipment:4006,1,7
64365,NSR:StopPlace:157,4,5,NSR:PlaceEquipment:20097,NSR:PlaceEquipment:20097,8,7,NSR:WaitingRoomEquipment:4024,NSR:WaitingRoomEquipment:4024,7,8
64365,NSR:StopPlace:157,4,5,NSR:PlaceEquipment:20097,NSR:PlaceEquipment:20097,8,7,NSR:SanitaryEquipment:4008,NSR:SanitaryEquipment:4008,1,5
65244,NSR:StopPlace:343,4,5,NSR:PlaceEquipment:24029,NSR:PlaceEquipment:24029,4,3,NSR:TicketingEquipment:8009,NSR:TicketingEquipment:8009,1,3
65244,NSR:StopPlace:343,4,5,NSR:PlaceEquipment:24029,NSR:PlaceEquipment:24029,4,3,NSR:WaitingRoomEquipment:8013,NSR:WaitingRoomEquipment:8013,3,4
65980,NSR:StopPlace:412,4,5,NSR:PlaceEquipment:34024,NSR:PlaceEquipment:34024,2,4,NSR:TicketingEquipment:16008,NSR:TicketingEquipment:16008,4,3
66062,NSR:StopPlace:359,4,5,NSR:PlaceEquipment:34059,NSR:PlaceEquipment:34059,1,4,NSR:TicketingEquipment:16023,NSR:TicketingEquipment:16023,2,1
68154,NSR:StopPlace:57029,4,5,NSR:PlaceEquipment:40656,NSR:PlaceEquipment:40656,2,1,NSR:GeneralSign:40605,NSR:GeneralSign:40605,2,1
68154,NSR:StopPlace:57029,4,5,NSR:PlaceEquipment:40656,NSR:PlaceEquipment:40656,2,1,NSR:ShelterEquipment:22357,NSR:ShelterEquipment:22357,1,2
70346,NSR:StopPlace:57079,4,5,NSR:PlaceEquipment:41356,NSR:PlaceEquipment:41356,3,2,NSR:GeneralSign:41289,NSR:GeneralSign:41289,3,4
70346,NSR:StopPlace:57079,4,5,NSR:PlaceEquipment:41356,NSR:PlaceEquipment:41356,3,2,NSR:ShelterEquipment:22696,NSR:ShelterEquipment:22696,1,5
70657,NSR:StopPlace:712,4,5,NSR:PlaceEquipment:41408,NSR:PlaceEquipment:41408,1,5,NSR:SanitaryEquipment:24013,NSR:SanitaryEquipment:24013,2,1
71689,NSR:StopPlace:440,4,5,NSR:PlaceEquipment:41556,NSR:PlaceEquipment:41556,1,2,NSR:WaitingRoomEquipment:24309,NSR:WaitingRoomEquipment:24309,3,2
67757,NSR:StopPlace:5908,4,5,NSR:PlaceEquipment:40644,NSR:PlaceEquipment:40644,1,2,NSR:GeneralSign:40590,NSR:GeneralSign:40590,2,1
64632,NSR:StopPlace:413,5,6,NSR:PlaceEquipment:16280,NSR:PlaceEquipment:16280,2,3,NSR:SanitaryEquipment:220,NSR:SanitaryEquipment:220,3,2
64632,NSR:StopPlace:413,5,6,NSR:PlaceEquipment:16280,NSR:PlaceEquipment:16280,2,3,NSR:TicketingEquipment:144,NSR:TicketingEquipment:144,2,1
66064,NSR:StopPlace:359,5,6,NSR:PlaceEquipment:34059,NSR:PlaceEquipment:34059,4,3,NSR:TicketingEquipment:16023,NSR:TicketingEquipment:16023,1,5
64367,NSR:StopPlace:157,5,6,NSR:PlaceEquipment:20097,NSR:PlaceEquipment:20097,7,6,NSR:SanitaryEquipment:4008,NSR:SanitaryEquipment:4008,5,7
70712,NSR:StopPlace:56789,5,6,NSR:PlaceEquipment:41414,NSR:PlaceEquipment:41414,2,1,NSR:SanitaryEquipment:24017,NSR:SanitaryEquipment:24017,2,3
63466,NSR:StopPlace:451,5,6,NSR:PlaceEquipment:83,NSR:PlaceEquipment:83,8,7,NSR:SanitaryEquipment:41,NSR:SanitaryEquipment:41,1,8
70712,NSR:StopPlace:56789,5,6,NSR:PlaceEquipment:41414,NSR:PlaceEquipment:41414,2,1,NSR:WaitingRoomEquipment:24248,NSR:WaitingRoomEquipment:24248,1,3
65981,NSR:StopPlace:412,5,6,NSR:PlaceEquipment:34024,NSR:PlaceEquipment:34024,4,1,NSR:TicketingEquipment:16008,NSR:TicketingEquipment:16008,3,2
70712,NSR:StopPlace:56789,5,6,NSR:PlaceEquipment:41414,NSR:PlaceEquipment:41414,2,1,NSR:GeneralSign:41339,NSR:GeneralSign:41339,3,2
65981,NSR:StopPlace:412,5,6,NSR:PlaceEquipment:34024,NSR:PlaceEquipment:34024,4,1,NSR:SanitaryEquipment:16005,NSR:SanitaryEquipment:16005,4,3
65246,NSR:StopPlace:343,5,6,NSR:PlaceEquipment:24029,NSR:PlaceEquipment:24029,3,1,NSR:TicketingEquipment:8009,NSR:TicketingEquipment:8009,3,2
64367,NSR:StopPlace:157,5,6,NSR:PlaceEquipment:20097,NSR:PlaceEquipment:20097,7,6,NSR:WaitingRoomEquipment:4024,NSR:WaitingRoomEquipment:4024,8,5
64367,NSR:StopPlace:157,5,6,NSR:PlaceEquipment:20097,NSR:PlaceEquipment:20097,7,6,NSR:TicketingEquipment:4006,NSR:TicketingEquipment:4006,7,6
67435,NSR:StopPlace:34523,5,6,NSR:PlaceEquipment:40582,NSR:PlaceEquipment:40582,2,1,NSR:SanitaryEquipment:22044,NSR:SanitaryEquipment:22044,2,1
67435,NSR:StopPlace:34523,5,6,NSR:PlaceEquipment:40582,NSR:PlaceEquipment:40582,2,1,NSR:ShelterEquipment:22313,NSR:ShelterEquipment:22313,2,1
67455,NSR:StopPlace:34250,5,6,NSR:PlaceEquipment:40588,NSR:PlaceEquipment:40588,2,1,NSR:ShelterEquipment:22317,NSR:ShelterEquipment:22317,2,1
65967,NSR:StopPlace:12655,5,6,NSR:PlaceEquipment:34011,NSR:PlaceEquipment:34011,2,1,NSR:ShelterEquipment:16003,NSR:ShelterEquipment:16003,1,2
68530,NSR:StopPlace:36358,5,6,NSR:PlaceEquipment:40842,NSR:PlaceEquipment:40842,2,1,NSR:GeneralSign:40792,NSR:GeneralSign:40792,1,2
63466,NSR:StopPlace:451,5,6,NSR:PlaceEquipment:83,NSR:PlaceEquipment:83,8,7,NSR:WaitingRoomEquipment:62,NSR:WaitingRoomEquipment:62,4,3
66409,NSR:StopPlace:659,5,6,NSR:PlaceEquipment:13827,NSR:PlaceEquipment:13827,5,4,NSR:TicketingEquipment:118,NSR:TicketingEquipment:118,6,5
66409,NSR:StopPlace:659,5,6,NSR:PlaceEquipment:13827,NSR:PlaceEquipment:13827,5,4,NSR:SanitaryEquipment:164,NSR:SanitaryEquipment:164,1,5
74459,NSR:StopPlace:440,5,6,NSR:PlaceEquipment:41556,NSR:PlaceEquipment:41556,2,3,NSR:WaitingRoomEquipment:24309,NSR:WaitingRoomEquipment:24309,2,1
63466,NSR:StopPlace:451,5,6,NSR:PlaceEquipment:83,NSR:PlaceEquipment:83,8,7,NSR:TicketingEquipment:42,NSR:TicketingEquipment:42,5,6
66409,NSR:StopPlace:659,5,6,NSR:PlaceEquipment:13827,NSR:PlaceEquipment:13827,5,4,NSR:WaitingRoomEquipment:301,NSR:WaitingRoomEquipment:301,4,1
70850,NSR:StopPlace:136,5,6,NSR:PlaceEquipment:24020,NSR:PlaceEquipment:24020,1,3,NSR:TicketingEquipment:8005,NSR:TicketingEquipment:8005,4,3
67454,NSR:StopPlace:34248,6,7,NSR:PlaceEquipment:40585,NSR:PlaceEquipment:40585,3,1,NSR:GeneralSign:40532,NSR:GeneralSign:40532,3,2
63467,NSR:StopPlace:451,6,7,NSR:PlaceEquipment:83,NSR:PlaceEquipment:83,7,6,NSR:SanitaryEquipment:41,NSR:SanitaryEquipment:41,8,6
63467,NSR:StopPlace:451,6,7,NSR:PlaceEquipment:83,NSR:PlaceEquipment:83,7,6,NSR:TicketingEquipment:42,NSR:TicketingEquipment:42,6,7
66068,NSR:StopPlace:359,6,7,NSR:PlaceEquipment:34059,NSR:PlaceEquipment:34059,3,2,NSR:TicketingEquipment:16023,NSR:TicketingEquipment:16023,5,3
64369,NSR:StopPlace:157,6,7,NSR:PlaceEquipment:20097,NSR:PlaceEquipment:20097,6,5,NSR:TicketingEquipment:4006,NSR:TicketingEquipment:4006,6,5
68266,NSR:StopPlace:590,6,7,NSR:PlaceEquipment:40750,NSR:PlaceEquipment:40750,1,2,NSR:WaitingRoomEquipment:24069,NSR:WaitingRoomEquipment:24069,2,1
62963,NSR:StopPlace:351,6,7,NSR:PlaceEquipment:16485,NSR:PlaceEquipment:16485,2,1,NSR:WaitingRoomEquipment:371,NSR:WaitingRoomEquipment:371,1,2
71445,NSR:StopPlace:58209,6,7,NSR:PlaceEquipment:41483,NSR:PlaceEquipment:41483,2,3,NSR:ShelterEquipment:22737,NSR:ShelterEquipment:22737,3,2
70420,NSR:StopPlace:57079,6,7,NSR:PlaceEquipment:41356,NSR:PlaceEquipment:41356,5,1,NSR:ShelterEquipment:22696,NSR:ShelterEquipment:22696,3,2
70714,NSR:StopPlace:56789,6,7,NSR:PlaceEquipment:41414,NSR:PlaceEquipment:41414,1,3,NSR:GeneralSign:41339,NSR:GeneralSign:41339,2,1
70714,NSR:StopPlace:56789,6,7,NSR:PlaceEquipment:41414,NSR:PlaceEquipment:41414,1,3,NSR:WaitingRoomEquipment:24248,NSR:WaitingRoomEquipment:24248,3,2
66410,NSR:StopPlace:659,6,7,NSR:PlaceEquipment:13827,NSR:PlaceEquipment:13827,4,2,NSR:TicketingEquipment:118,NSR:TicketingEquipment:118,5,4
65985,NSR:StopPlace:412,6,7,NSR:PlaceEquipment:34024,NSR:PlaceEquipment:34024,1,3,NSR:TicketingEquipment:16008,NSR:TicketingEquipment:16008,2,1
65985,NSR:StopPlace:412,6,7,NSR:PlaceEquipment:34024,NSR:PlaceEquipment:34024,1,3,NSR:WaitingRoomEquipment:18006,NSR:WaitingRoomEquipment:18006,3,2
65985,NSR:StopPlace:412,6,7,NSR:PlaceEquipment:34024,NSR:PlaceEquipment:34024,1,3,NSR:SanitaryEquipment:16005,NSR:SanitaryEquipment:16005,3,2
70860,NSR:StopPlace:136,6,7,NSR:PlaceEquipment:24020,NSR:PlaceEquipment:24020,3,2,NSR:TicketingEquipment:8005,NSR:TicketingEquipment:8005,3,1
70860,NSR:StopPlace:136,6,7,NSR:PlaceEquipment:24020,NSR:PlaceEquipment:24020,3,2,NSR:WaitingRoomEquipment:8004,NSR:WaitingRoomEquipment:8004,2,3
70860,NSR:StopPlace:136,6,7,NSR:PlaceEquipment:24020,NSR:PlaceEquipment:24020,3,2,NSR:SanitaryEquipment:8004,NSR:SanitaryEquipment:8004,3,4
63467,NSR:StopPlace:451,6,7,NSR:PlaceEquipment:83,NSR:PlaceEquipment:83,7,6,NSR:WaitingRoomEquipment:62,NSR:WaitingRoomEquipment:62,3,2
64677,NSR:StopPlace:301,6,7,NSR:PlaceEquipment:22061,NSR:PlaceEquipment:22061,3,1,NSR:TicketingEquipment:6034,NSR:TicketingEquipment:6034,2,1
64369,NSR:StopPlace:157,6,7,NSR:PlaceEquipment:20097,NSR:PlaceEquipment:20097,6,5,NSR:SanitaryEquipment:4008,NSR:SanitaryEquipment:4008,7,8
64369,NSR:StopPlace:157,6,7,NSR:PlaceEquipment:20097,NSR:PlaceEquipment:20097,6,5,NSR:WaitingRoomEquipment:4024,NSR:WaitingRoomEquipment:4024,5,1
64371,NSR:StopPlace:157,7,8,NSR:PlaceEquipment:20097,NSR:PlaceEquipment:20097,5,4,NSR:SanitaryEquipment:4008,NSR:SanitaryEquipment:4008,8,2
67449,NSR:StopPlace:34249,7,8,NSR:PlaceEquipment:40587,NSR:PlaceEquipment:40587,2,1,NSR:ShelterEquipment:22316,NSR:ShelterEquipment:22316,1,2
67449,NSR:StopPlace:34249,7,8,NSR:PlaceEquipment:40587,NSR:PlaceEquipment:40587,2,1,NSR:SanitaryEquipment:22046,NSR:SanitaryEquipment:22046,1,2
74280,NSR:StopPlace:74009,7,8,NSR:PlaceEquipment:42032,NSR:PlaceEquipment:42032,1,2,NSR:GeneralSign:42039,NSR:GeneralSign:42039,2,1
66411,NSR:StopPlace:659,7,8,NSR:PlaceEquipment:13827,NSR:PlaceEquipment:13827,2,7,NSR:TicketingEquipment:118,NSR:TicketingEquipment:118,4,3
67758,NSR:StopPlace:3983,7,8,NSR:PlaceEquipment:40645,NSR:PlaceEquipment:40645,2,1,NSR:ShelterEquipment:22356,NSR:ShelterEquipment:22356,1,2
67758,NSR:StopPlace:3983,7,8,NSR:PlaceEquipment:40645,NSR:PlaceEquipment:40645,2,1,NSR:GeneralSign:40591,NSR:GeneralSign:40591,2,1
63468,NSR:StopPlace:451,7,8,NSR:PlaceEquipment:83,NSR:PlaceEquipment:83,6,4,NSR:WaitingRoomEquipment:62,NSR:WaitingRoomEquipment:62,2,1
64371,NSR:StopPlace:157,7,8,NSR:PlaceEquipment:20097,NSR:PlaceEquipment:20097,5,4,NSR:TicketingEquipment:4006,NSR:TicketingEquipment:4006,5,4
64371,NSR:StopPlace:157,7,8,NSR:PlaceEquipment:20097,NSR:PlaceEquipment:20097,5,4,NSR:WaitingRoomEquipment:4024,NSR:WaitingRoomEquipment:4024,1,2
67572,NSR:StopPlace:34248,7,8,NSR:PlaceEquipment:40585,NSR:PlaceEquipment:40585,1,2,NSR:GeneralSign:40532,NSR:GeneralSign:40532,2,1
64373,NSR:StopPlace:157,8,9,NSR:PlaceEquipment:20097,NSR:PlaceEquipment:20097,4,3,NSR:TicketingEquipment:4006,NSR:TicketingEquipment:4006,4,3
64373,NSR:StopPlace:157,8,9,NSR:PlaceEquipment:20097,NSR:PlaceEquipment:20097,4,3,NSR:SanitaryEquipment:4008,NSR:SanitaryEquipment:4008,2,3
66412,NSR:StopPlace:659,8,9,NSR:PlaceEquipment:13827,NSR:PlaceEquipment:13827,7,3,NSR:TicketingEquipment:118,NSR:TicketingEquipment:118,3,2
64373,NSR:StopPlace:157,8,9,NSR:PlaceEquipment:20097,NSR:PlaceEquipment:20097,4,3,NSR:WaitingRoomEquipment:4024,NSR:WaitingRoomEquipment:4024,2,3
64375,NSR:StopPlace:157,9,10,NSR:PlaceEquipment:20097,NSR:PlaceEquipment:20097,3,2,NSR:SanitaryEquipment:4008,NSR:SanitaryEquipment:4008,3,4
64375,NSR:StopPlace:157,9,10,NSR:PlaceEquipment:20097,NSR:PlaceEquipment:20097,3,2,NSR:WaitingRoomEquipment:4024,NSR:WaitingRoomEquipment:4024,3,4
64375,NSR:StopPlace:157,9,10,NSR:PlaceEquipment:20097,NSR:PlaceEquipment:20097,3,2,NSR:TicketingEquipment:4006,NSR:TicketingEquipment:4006,3,2
68554,NSR:StopPlace:34248,10,11,NSR:PlaceEquipment:40852,NSR:PlaceEquipment:40852,2,1,NSR:ShelterEquipment:22432,NSR:ShelterEquipment:22432,1,2
68554,NSR:StopPlace:34248,10,11,NSR:PlaceEquipment:40852,NSR:PlaceEquipment:40852,2,1,NSR:GeneralSign:40797,NSR:GeneralSign:40797,1,2
71414,NSR:StopPlace:269,10,11,NSR:PlaceEquipment:41462,NSR:PlaceEquipment:41462,6,8,NSR:WaitingRoomEquipment:24265,NSR:WaitingRoomEquipment:24265,10,9
68554,NSR:StopPlace:34248,10,11,NSR:PlaceEquipment:40852,NSR:PlaceEquipment:40852,2,1,NSR:SanitaryEquipment:22074,NSR:SanitaryEquipment:22074,1,2
70957,NSR:StopPlace:451,12,13,NSR:PlaceEquipment:41435,NSR:PlaceEquipment:41435,2,1,NSR:SanitaryEquipment:24022,NSR:SanitaryEquipment:24022,1,2
70957,NSR:StopPlace:451,12,13,NSR:PlaceEquipment:41435,NSR:PlaceEquipment:41435,2,1,NSR:TicketingEquipment:24027,NSR:TicketingEquipment:24027,2,1
70957,NSR:StopPlace:451,12,13,NSR:PlaceEquipment:41435,NSR:PlaceEquipment:41435,2,1,NSR:WaitingRoomEquipment:24254,NSR:WaitingRoomEquipment:24254,1,2
71429,NSR:StopPlace:269,12,13,NSR:PlaceEquipment:41462,NSR:PlaceEquipment:41462,9,2,NSR:SanitaryEquipment:24029,NSR:SanitaryEquipment:24029,11,10
71429,NSR:StopPlace:269,12,13,NSR:PlaceEquipment:41462,NSR:PlaceEquipment:41462,9,2,NSR:TicketingEquipment:24038,NSR:TicketingEquipment:24038,4,3
66637,NSR:StopPlace:41742,16,17,NSR:PlaceEquipment:40143,NSR:PlaceEquipment:40143,2,1,NSR:SanitaryEquipment:22007,NSR:SanitaryEquipment:22007,2,1
66637,NSR:StopPlace:41742,16,17,NSR:PlaceEquipment:40143,NSR:PlaceEquipment:40143,2,1,NSR:WaitingRoomEquipment:24013,NSR:WaitingRoomEquipment:24013,1,2
