62672,NSR:Quay:66225,1,2,NSR:PlaceEquipment:10531,NSR:PlaceEquipment:10531,2,1,NSR:GeneralSign:12519,NSR:GeneralSign:12519,2,1
62672,NSR:Quay:66225,1,2,NSR:PlaceEquipment:10531,NSR:PlaceEquipment:10531,2,1,NSR:GeneralSign:12518,NSR:GeneralSign:12518,2,1
14925,NSR:Quay:16462,1,2,NSR:PlaceEquipment:1916,NSR:PlaceEquipment:1916,2,1,NSR:ShelterEquipment:73,NSR:ShelterEquipment:73,1,2
14897,NSR:Quay:16424,1,2,NSR:PlaceEquipment:1897,NSR:PlaceEquipment:1897,1,2,NSR:ShelterEquipment:72,NSR:ShelterEquipment:72,2,1
14975,NSR:Quay:16577,1,2,NSR:PlaceEquipment:1948,NSR:PlaceEquipment:1948,2,1,NSR:GeneralSign:1930,NSR:GeneralSign:1930,1,2
62672,NSR:Quay:66225,1,2,NSR:PlaceEquipment:10531,NSR:PlaceEquipment:10531,2,1,NSR:WaitingRoomEquipment:194,NSR:WaitingRoomEquipment:194,1,2
62672,NSR:Quay:66225,1,2,NSR:PlaceEquipment:10531,NSR:PlaceEquipment:10531,2,1,NSR:ShelterEquipment:1456,NSR:ShelterEquipment:1456,2,1
137510,NSR:Quay:100203,1,2,NSR:PlaceEquipment:42259,NSR:PlaceEquipment:42259,2,3,NSR:GeneralSign:42251,NSR:GeneralSign:42251,2,1
137508,NSR:Quay:100201,1,2,NSR:PlaceEquipment:42257,NSR:PlaceEquipment:42257,1,2,NSR:GeneralSign:42249,NSR:GeneralSign:42249,2,1
20417,NSR:Quay:22687,1,2,NSR:PlaceEquipment:4329,NSR:PlaceEquipment:4329,1,2,NSR:ShelterEquipment:204,NSR:ShelterEquipment:204,2,1
23770,NSR:Quay:22736,1,2,NSR:PlaceEquipment:5755,NSR:PlaceEquipment:5755,1,2,NSR:GeneralSign:6595,NSR:GeneralSign:6595,4,3
25282,NSR:Quay:27329,1,2,NSR:PlaceEquipment:6411,NSR:PlaceEquipment:6411,2,1,NSR:GeneralSign:7443,NSR:GeneralSign:7443,1,2
56786,NSR:Quay:59305,1,2,NSR:PlaceEquipment:8305,NSR:PlaceEquipment:8305,2,1,NSR:GeneralSign:10358,NSR:GeneralSign:10358,1,3
56786,NSR:Quay:59305,1,2,NSR:PlaceEquipment:8305,NSR:PlaceEquipment:8305,2,1,NSR:ShelterEquipment:748,NSR:ShelterEquipment:748,2,1
57020,NSR:Quay:59749,1,2,NSR:PlaceEquipment:8389,NSR:PlaceEquipment:8389,1,3,NSR:GeneralSign:10440,NSR:GeneralSign:10440,3,2
57020,NSR:Quay:59749,1,2,NSR:PlaceEquipment:8389,NSR:PlaceEquipment:8389,1,3,NSR:ShelterEquipment:778,NSR:ShelterEquipment:778,2,1
58446,NSR:Quay:62138,1,2,NSR:PlaceEquipment:8862,NSR:PlaceEquipment:8862,2,1,NSR:GeneralSign:10897,NSR:GeneralSign:10897,2,1
137507,NSR:Quay:100200,1,2,NSR:PlaceEquipment:42256,NSR:PlaceEquipment:42256,3,2,NSR:GeneralSign:42248,NSR:GeneralSign:42248,1,3
137506,NSR:Quay:100199,1,2,NSR:PlaceEquipment:42255,NSR:PlaceEquipment:42255,2,1,NSR:GeneralSign:42247,NSR:GeneralSign:42247,2,1
137505,NSR:Quay:100198,1,2,NSR:PlaceEquipment:42254,NSR:PlaceEquipment:42254,2,1,NSR:GeneralSign:42246,NSR:GeneralSign:42246,2,3
63063,NSR:Quay:66806,1,2,NSR:PlaceEquipment:10683,NSR:PlaceEquipment:10683,1,2,NSR:GeneralSign:12676,NSR:GeneralSign:12676,2,1
63063,NSR:Quay:66806,1,2,NSR:PlaceEquipment:10683,NSR:PlaceEquipment:10683,1,2,NSR:ShelterEquipment:1545,NSR:ShelterEquipment:1545,2,1
63516,NSR:Quay:67372,1,2,NSR:PlaceEquipment:10853,NSR:PlaceEquipment:10853,2,1,NSR:GeneralSign:12834,NSR:GeneralSign:12834,2,1
63516,NSR:Quay:67372,1,2,NSR:PlaceEquipment:10853,NSR:PlaceEquipment:10853,2,1,NSR:ShelterEquipment:1638,NSR:ShelterEquipment:1638,2,1
63515,NSR:Quay:67374,1,2,NSR:PlaceEquipment:10852,NSR:PlaceEquipment:10852,2,1,NSR:GeneralSign:12833,NSR:GeneralSign:12833,1,2
63515,NSR:Quay:67374,1,2,NSR:PlaceEquipment:10852,NSR:PlaceEquipment:10852,2,1,NSR:ShelterEquipment:1637,NSR:ShelterEquipment:1637,1,2
135255,NSR:Quay:100118,1,2,NSR:PlaceEquipment:42015,NSR:PlaceEquipment:42015,3,2,NSR:ShelterEquipment:22879,NSR:ShelterEquipment:22879,3,1
135254,NSR:Quay:100117,1,2,NSR:PlaceEquipment:42014,NSR:PlaceEquipment:42014,3,2,NSR:ShelterEquipment:22878,NSR:ShelterEquipment:22878,2,3
135252,NSR:Quay:100115,1,2,NSR:PlaceEquipment:42012,NSR:PlaceEquipment:42012,3,2,NSR:ShelterEquipment:22876,NSR:ShelterEquipment:22876,2,1
63562,NSR:Quay:67485,1,2,NSR:PlaceEquipment:10866,NSR:PlaceEquipment:10866,1,2,NSR:ShelterEquipment:1647,NSR:ShelterEquipment:1647,2,1
63561,NSR:Quay:67483,1,2,NSR:PlaceEquipment:10865,NSR:PlaceEquipment:10865,2,1,NSR:ShelterEquipment:1646,NSR:ShelterEquipment:1646,1,2
58446,NSR:Quay:62138,1,2,NSR:PlaceEquipment:8862,NSR:PlaceEquipment:8862,2,1,NSR:ShelterEquipment:904,NSR:ShelterEquipment:904,1,2
59980,NSR:Quay:64359,1,2,NSR:PlaceEquipment:9472,NSR:PlaceEquipment:9472,2,1,NSR:GeneralSign:11488,NSR:GeneralSign:11488,1,2
60062,NSR:Quay:64480,1,2,NSR:PlaceEquipment:9488,NSR:PlaceEquipment:9488,1,2,NSR:GeneralSign:11503,NSR:GeneralSign:11503,2,1
60150,NSR:Quay:64613,1,2,NSR:PlaceEquipment:9540,NSR:PlaceEquipment:9540,1,2,NSR:ShelterEquipment:1105,NSR:ShelterEquipment:1105,2,1
64066,NSR:Quay:68154,1,2,NSR:PlaceEquipment:11062,NSR:PlaceEquipment:11062,2,1,NSR:GeneralSign:13020,NSR:GeneralSign:13020,1,2
64066,NSR:Quay:68154,1,2,NSR:PlaceEquipment:11062,NSR:PlaceEquipment:11062,2,1,NSR:WaitingRoomEquipment:231,NSR:WaitingRoomEquipment:231,1,2
64899,NSR:Quay:69119,1,2,NSR:PlaceEquipment:11385,NSR:PlaceEquipment:11385,2,3,NSR:WaitingRoomEquipment:254,NSR:WaitingRoomEquipment:254,2,1
65203,NSR:Quay:69468,1,2,NSR:PlaceEquipment:11494,NSR:PlaceEquipment:11494,2,4,NSR:ShelterEquipment:1991,NSR:ShelterEquipment:1991,2,1
65206,NSR:Quay:69469,1,2,NSR:PlaceEquipment:11495,NSR:PlaceEquipment:11495,1,4,NSR:GeneralSign:13425,NSR:GeneralSign:13425,3,2
62088,NSR:Quay:65231,1,2,NSR:PlaceEquipment:10262,NSR:PlaceEquipment:10262,2,1,NSR:GeneralSign:12251,NSR:GeneralSign:12251,1,2
65378,NSR:Quay:69685,1,2,NSR:PlaceEquipment:11566,NSR:PlaceEquipment:11566,2,3,NSR:ShelterEquipment:2028,NSR:ShelterEquipment:2028,3,2
12484,NSR:Quay:13202,1,2,NSR:PlaceEquipment:375,NSR:PlaceEquipment:375,3,1,NSR:ShelterEquipment:23,NSR:ShelterEquipment:23,3,2
65585,NSR:Quay:69954,1,2,NSR:PlaceEquipment:11647,NSR:PlaceEquipment:11647,1,2,NSR:ShelterEquipment:2075,NSR:ShelterEquipment:2075,2,1
65920,NSR:Quay:70307,1,2,NSR:PlaceEquipment:11792,NSR:PlaceEquipment:11792,1,2,NSR:GeneralSign:13712,NSR:GeneralSign:13712,3,2
65920,NSR:Quay:70307,1,2,NSR:PlaceEquipment:11792,NSR:PlaceEquipment:11792,1,2,NSR:ShelterEquipment:2151,NSR:ShelterEquipment:2151,2,1
66473,NSR:Quay:70962,1,2,NSR:PlaceEquipment:12014,NSR:PlaceEquipment:12014,2,1,NSR:GeneralSign:13914,NSR:GeneralSign:13914,1,2
66473,NSR:Quay:70962,1,2,NSR:PlaceEquipment:12014,NSR:PlaceEquipment:12014,2,1,NSR:WaitingRoomEquipment:273,NSR:WaitingRoomEquipment:273,1,2
14975,NSR:Quay:16577,1,2,NSR:PlaceEquipment:1948,NSR:PlaceEquipment:1948,2,1,NSR:GeneralSign:1929,NSR:GeneralSign:1929,1,2
14974,NSR:Quay:16574,1,2,NSR:PlaceEquipment:1947,NSR:PlaceEquipment:1947,2,1,NSR:GeneralSign:1928,NSR:GeneralSign:1928,1,2
66373,NSR:Quay:70877,1,2,NSR:PlaceEquipment:11973,NSR:PlaceEquipment:11973,2,1,NSR:ShelterEquipment:2239,NSR:ShelterEquipment:2239,2,1
66789,NSR:Quay:65756,1,2,NSR:PlaceEquipment:12148,NSR:PlaceEquipment:12148,2,1,NSR:GeneralSign:14053,NSR:GeneralSign:14053,2,1
66789,NSR:Quay:65756,1,2,NSR:PlaceEquipment:12148,NSR:PlaceEquipment:12148,2,1,NSR:ShelterEquipment:2335,NSR:ShelterEquipment:2335,1,2
66889,NSR:Quay:66070,1,2,NSR:PlaceEquipment:12185,NSR:PlaceEquipment:12185,2,1,NSR:GeneralSign:14084,NSR:GeneralSign:14084,1,2
67653,NSR:Quay:69634,1,2,NSR:PlaceEquipment:12505,NSR:PlaceEquipment:12505,1,2,NSR:GeneralSign:14407,NSR:GeneralSign:14407,2,1
67653,NSR:Quay:69634,1,2,NSR:PlaceEquipment:12505,NSR:PlaceEquipment:12505,1,2,NSR:GeneralSign:14406,NSR:GeneralSign:14406,2,1
67654,NSR:Quay:69636,1,2,NSR:PlaceEquipment:12506,NSR:PlaceEquipment:12506,2,1,NSR:GeneralSign:14411,NSR:GeneralSign:14411,1,2
14974,NSR:Quay:16574,1,2,NSR:PlaceEquipment:1947,NSR:PlaceEquipment:1947,2,1,NSR:GeneralSign:1927,NSR:GeneralSign:1927,1,2
67654,NSR:Quay:69636,1,2,NSR:PlaceEquipment:12506,NSR:PlaceEquipment:12506,2,1,NSR:GeneralSign:14410,NSR:GeneralSign:14410,1,2
67654,NSR:Quay:69636,1,2,NSR:PlaceEquipment:12506,NSR:PlaceEquipment:12506,2,1,NSR:WaitingRoomEquipment:294,NSR:WaitingRoomEquipment:294,1,2
16236,NSR:Quay:18059,1,2,NSR:PlaceEquipment:2634,NSR:PlaceEquipment:2634,2,1,NSR:GeneralSign:2655,NSR:GeneralSign:2655,1,2
17271,NSR:Quay:15779,1,2,NSR:PlaceEquipment:3363,NSR:PlaceEquipment:3363,1,2,NSR:GeneralSign:3509,NSR:GeneralSign:3509,2,1
17755,NSR:Quay:18355,1,2,NSR:PlaceEquipment:3719,NSR:PlaceEquipment:3719,1,2,NSR:GeneralSign:3893,NSR:GeneralSign:3893,3,2
17756,NSR:Quay:18353,1,2,NSR:PlaceEquipment:3720,NSR:PlaceEquipment:3720,2,1,NSR:GeneralSign:3894,NSR:GeneralSign:3894,1,3
67654,NSR:Quay:69636,1,2,NSR:PlaceEquipment:12506,NSR:PlaceEquipment:12506,2,1,NSR:ShelterEquipment:2499,NSR:ShelterEquipment:2499,2,1
67657,NSR:Quay:69635,1,2,NSR:PlaceEquipment:12508,NSR:PlaceEquipment:12508,1,2,NSR:GeneralSign:14412,NSR:GeneralSign:14412,2,1
67931,NSR:Quay:71086,1,2,NSR:PlaceEquipment:12626,NSR:PlaceEquipment:12626,4,1,NSR:ShelterEquipment:2565,NSR:ShelterEquipment:2565,4,3
92746,NSR:Quay:98629,1,2,NSR:PlaceEquipment:13132,NSR:PlaceEquipment:13132,2,1,NSR:GeneralSign:15148,NSR:GeneralSign:15148,1,3
15910,NSR:Quay:17644,1,2,NSR:PlaceEquipment:2456,NSR:PlaceEquipment:2456,2,1,NSR:GeneralSign:2449,NSR:GeneralSign:2449,1,2
14927,NSR:Quay:16466,1,2,NSR:PlaceEquipment:1918,NSR:PlaceEquipment:1918,2,1,NSR:ShelterEquipment:74,NSR:ShelterEquipment:74,2,1
14208,NSR:Quay:15554,1,2,NSR:PlaceEquipment:1451,NSR:PlaceEquipment:1451,2,1,NSR:ShelterEquipment:56,NSR:ShelterEquipment:56,2,1
14311,NSR:Quay:15683,1,2,NSR:PlaceEquipment:1517,NSR:PlaceEquipment:1517,2,1,NSR:GeneralSign:1448,NSR:GeneralSign:1448,1,2
18594,NSR:Quay:19890,1,2,NSR:PlaceEquipment:3921,NSR:PlaceEquipment:3921,2,1,NSR:GeneralSign:4118,NSR:GeneralSign:4118,1,2
62088,NSR:Quay:65231,1,2,NSR:PlaceEquipment:10262,NSR:PlaceEquipment:10262,2,1,NSR:ShelterEquipment:1311,NSR:ShelterEquipment:1311,2,1
62087,NSR:Quay:65223,1,2,NSR:PlaceEquipment:10261,NSR:PlaceEquipment:10261,1,2,NSR:GeneralSign:12250,NSR:GeneralSign:12250,2,1
62087,NSR:Quay:65223,1,2,NSR:PlaceEquipment:10261,NSR:PlaceEquipment:10261,1,2,NSR:ShelterEquipment:1310,NSR:ShelterEquipment:1310,2,1
62400,NSR:Quay:65829,1,2,NSR:PlaceEquipment:10414,NSR:PlaceEquipment:10414,2,1,NSR:GeneralSign:12406,NSR:GeneralSign:12406,1,2
62669,NSR:Quay:66228,1,2,NSR:PlaceEquipment:10528,NSR:PlaceEquipment:10528,2,1,NSR:GeneralSign:12515,NSR:GeneralSign:12515,2,1
62671,NSR:Quay:66226,1,2,NSR:PlaceEquipment:10530,NSR:PlaceEquipment:10530,2,1,NSR:GeneralSign:12517,NSR:GeneralSign:12517,2,1
107398,NSR:Quay:21651,2,3,NSR:PlaceEquipment:16054,NSR:PlaceEquipment:16054,3,1,NSR:ShelterEquipment:3416,NSR:ShelterEquipment:3416,2,1
107343,NSR:Quay:25198,2,3,NSR:PlaceEquipment:16002,NSR:PlaceEquipment:16002,2,1,NSR:GeneralSign:18460,NSR:GeneralSign:18460,2,1
107479,NSR:Quay:21914,2,3,NSR:PlaceEquipment:16106,NSR:PlaceEquipment:16106,2,1,NSR:ShelterEquipment:3444,NSR:ShelterEquipment:3444,2,3
107436,NSR:Quay:20172,2,3,NSR:PlaceEquipment:16072,NSR:PlaceEquipment:16072,2,1,NSR:GeneralSign:18543,NSR:GeneralSign:18543,2,1
107437,NSR:Quay:20171,2,3,NSR:PlaceEquipment:16073,NSR:PlaceEquipment:16073,1,2,NSR:GeneralSign:18544,NSR:GeneralSign:18544,2,1
137513,NSR:Quay:100202,2,3,NSR:PlaceEquipment:42258,NSR:PlaceEquipment:42258,2,3,NSR:GeneralSign:42250,NSR:GeneralSign:42250,3,2
137490,NSR:Quay:100200,2,3,NSR:PlaceEquipment:42256,NSR:PlaceEquipment:42256,2,1,NSR:GeneralSign:42248,NSR:GeneralSign:42248,3,2
135886,NSR:Quay:64948,2,3,NSR:PlaceEquipment:9688,NSR:PlaceEquipment:9688,4,2,NSR:GeneralSign:11698,NSR:GeneralSign:11698,4,3
135289,NSR:Quay:100118,2,3,NSR:PlaceEquipment:42015,NSR:PlaceEquipment:42015,2,1,NSR:ShelterEquipment:22879,NSR:ShelterEquipment:22879,1,2
135287,NSR:Quay:100116,2,3,NSR:PlaceEquipment:42013,NSR:PlaceEquipment:42013,3,2,NSR:ShelterEquipment:22877,NSR:ShelterEquipment:22877,3,1
135285,NSR:Quay:100117,2,3,NSR:PlaceEquipment:42014,NSR:PlaceEquipment:42014,2,1,NSR:ShelterEquipment:22878,NSR:ShelterEquipment:22878,3,1
135284,NSR:Quay:100115,2,3,NSR:PlaceEquipment:42012,NSR:PlaceEquipment:42012,2,1,NSR:ShelterEquipment:22876,NSR:ShelterEquipment:22876,1,3
113032,NSR:Quay:69685,2,3,NSR:PlaceEquipment:11566,NSR:PlaceEquipment:11566,3,1,NSR:ShelterEquipment:2028,NSR:ShelterEquipment:2028,2,1
132697,NSR:Quay:64707,2,3,NSR:PlaceEquipment:9595,NSR:PlaceEquipment:9595,1,2,NSR:ShelterEquipment:1121,NSR:ShelterEquipment:1121,4,3
113764,NSR:Quay:13202,2,3,NSR:PlaceEquipment:375,NSR:PlaceEquipment:375,1,2,NSR:ShelterEquipment:23,NSR:ShelterEquipment:23,2,1
131996,NSR:Quay:18353,2,3,NSR:PlaceEquipment:3720,NSR:PlaceEquipment:3720,1,3,NSR:GeneralSign:3894,NSR:GeneralSign:3894,3,2
131996,NSR:Quay:18353,2,3,NSR:PlaceEquipment:3720,NSR:PlaceEquipment:3720,1,3,NSR:ShelterEquipment:176,NSR:ShelterEquipment:176,3,2
129969,NSR:Quay:19072,2,3,NSR:PlaceEquipment:5480,NSR:PlaceEquipment:5480,6,5,NSR:GeneralSign:6230,NSR:GeneralSign:6230,6,3
113863,NSR:Quay:59749,2,3,NSR:PlaceEquipment:8389,NSR:PlaceEquipment:8389,3,2,NSR:GeneralSign:10440,NSR:GeneralSign:10440,2,1
113863,NSR:Quay:59749,2,3,NSR:PlaceEquipment:8389,NSR:PlaceEquipment:8389,3,2,NSR:ShelterEquipment:778,NSR:ShelterEquipment:778,1,3
129969,NSR:Quay:19072,2,3,NSR:PlaceEquipment:5480,NSR:PlaceEquipment:5480,6,5,NSR:GeneralSign:6232,NSR:GeneralSign:6232,2,4
126233,NSR:Quay:69001,2,3,NSR:PlaceEquipment:41134,NSR:PlaceEquipment:41134,2,1,NSR:ShelterEquipment:22597,NSR:ShelterEquipment:22597,2,3
126233,NSR:Quay:69001,2,3,NSR:PlaceEquipment:41134,NSR:PlaceEquipment:41134,2,1,NSR:WaitingRoomEquipment:24204,NSR:WaitingRoomEquipment:24204,1,2
126233,NSR:Quay:69001,2,3,NSR:PlaceEquipment:41134,NSR:PlaceEquipment:41134,2,1,NSR:GeneralSign:41095,NSR:GeneralSign:41095,3,2
126232,NSR:Quay:69004,2,3,NSR:PlaceEquipment:41133,NSR:PlaceEquipment:41133,3,2,NSR:ShelterEquipment:22596,NSR:ShelterEquipment:22596,1,3
126232,NSR:Quay:69004,2,3,NSR:PlaceEquipment:41133,NSR:PlaceEquipment:41133,3,2,NSR:WaitingRoomEquipment:24203,NSR:WaitingRoomEquipment:24203,1,2
126232,NSR:Quay:69004,2,3,NSR:PlaceEquipment:41133,NSR:PlaceEquipment:41133,3,2,NSR:GeneralSign:41094,NSR:GeneralSign:41094,2,1
126221,NSR:Quay:69009,2,3,NSR:PlaceEquipment:41132,NSR:PlaceEquipment:41132,3,2,NSR:ShelterEquipment:22595,NSR:ShelterEquipment:22595,2,3
126221,NSR:Quay:69009,2,3,NSR:PlaceEquipment:41132,NSR:PlaceEquipment:41132,3,2,NSR:WaitingRoomEquipment:24202,NSR:WaitingRoomEquipment:24202,2,3
126221,NSR:Quay:69009,2,3,NSR:PlaceEquipment:41132,NSR:PlaceEquipment:41132,3,2,NSR:GeneralSign:41092,NSR:GeneralSign:41092,3,2
126221,NSR:Quay:69009,2,3,NSR:PlaceEquipment:41132,NSR:PlaceEquipment:41132,3,2,NSR:GeneralSign:41093,NSR:GeneralSign:41093,2,1
126220,NSR:Quay:69007,2,3,NSR:PlaceEquipment:41131,NSR:PlaceEquipment:41131,2,3,NSR:GeneralSign:41091,NSR:GeneralSign:41091,2,1
126219,NSR:Quay:69006,2,3,NSR:PlaceEquipment:41130,NSR:PlaceEquipment:41130,3,2,NSR:ShelterEquipment:22593,NSR:ShelterEquipment:22593,3,2
126219,NSR:Quay:69006,2,3,NSR:PlaceEquipment:41130,NSR:PlaceEquipment:41130,3,2,NSR:WaitingRoomEquipment:24200,NSR:WaitingRoomEquipment:24200,3,2
126219,NSR:Quay:69006,2,3,NSR:PlaceEquipment:41130,NSR:PlaceEquipment:41130,3,2,NSR:GeneralSign:41090,NSR:GeneralSign:41090,1,3
126218,NSR:Quay:69005,2,3,NSR:PlaceEquipment:41129,NSR:PlaceEquipment:41129,3,1,NSR:ShelterEquipment:22592,NSR:ShelterEquipment:22592,3,2
126218,NSR:Quay:69005,2,3,NSR:PlaceEquipment:41129,NSR:PlaceEquipment:41129,3,1,NSR:GeneralSign:41089,NSR:GeneralSign:41089,2,1
126217,NSR:Quay:69011,2,3,NSR:PlaceEquipment:41128,NSR:PlaceEquipment:41128,3,1,NSR:ShelterEquipment:22591,NSR:ShelterEquipment:22591,3,2
126215,NSR:Quay:69002,2,3,NSR:PlaceEquipment:41126,NSR:PlaceEquipment:41126,3,2,NSR:ShelterEquipment:22589,NSR:ShelterEquipment:22589,1,3
126215,NSR:Quay:69002,2,3,NSR:PlaceEquipment:41126,NSR:PlaceEquipment:41126,3,2,NSR:WaitingRoomEquipment:24196,NSR:WaitingRoomEquipment:24196,1,3
126215,NSR:Quay:69002,2,3,NSR:PlaceEquipment:41126,NSR:PlaceEquipment:41126,3,2,NSR:GeneralSign:41086,NSR:GeneralSign:41086,2,1
126127,NSR:Quay:69469,2,3,NSR:PlaceEquipment:11495,NSR:PlaceEquipment:11495,4,3,NSR:GeneralSign:13425,NSR:GeneralSign:13425,2,1
126126,NSR:Quay:69470,2,3,NSR:PlaceEquipment:11496,NSR:PlaceEquipment:11496,2,3,NSR:GeneralSign:13426,NSR:GeneralSign:13426,2,1
126126,NSR:Quay:69470,2,3,NSR:PlaceEquipment:11496,NSR:PlaceEquipment:11496,2,3,NSR:GeneralSign:13427,NSR:GeneralSign:13427,4,3
126085,NSR:Quay:66672,2,3,NSR:PlaceEquipment:41034,NSR:PlaceEquipment:41034,2,1,NSR:ShelterEquipment:22546,NSR:ShelterEquipment:22546,3,1
126085,NSR:Quay:66672,2,3,NSR:PlaceEquipment:41034,NSR:PlaceEquipment:41034,2,1,NSR:WaitingRoomEquipment:24177,NSR:WaitingRoomEquipment:24177,2,1
126085,NSR:Quay:66672,2,3,NSR:PlaceEquipment:41034,NSR:PlaceEquipment:41034,2,1,NSR:GeneralSign:40982,NSR:GeneralSign:40982,3,2
126085,NSR:Quay:66672,2,3,NSR:PlaceEquipment:41034,NSR:PlaceEquipment:41034,2,1,NSR:GeneralSign:40983,NSR:GeneralSign:40983,3,2
125441,NSR:Quay:67933,2,3,NSR:PlaceEquipment:11000,NSR:PlaceEquipment:11000,1,2,NSR:GeneralSign:12962,NSR:GeneralSign:12962,3,2
124817,NSR:Quay:64532,2,3,NSR:PlaceEquipment:9521,NSR:PlaceEquipment:9521,3,2,NSR:ShelterEquipment:1103,NSR:ShelterEquipment:1103,3,1
124817,NSR:Quay:64532,2,3,NSR:PlaceEquipment:9521,NSR:PlaceEquipment:9521,3,2,NSR:GeneralSign:11535,NSR:GeneralSign:11535,1,2
124816,NSR:Quay:64531,2,3,NSR:PlaceEquipment:9520,NSR:PlaceEquipment:9520,3,2,NSR:ShelterEquipment:1102,NSR:ShelterEquipment:1102,3,1
124771,NSR:Quay:61922,2,3,NSR:PlaceEquipment:40841,NSR:PlaceEquipment:40841,2,1,NSR:GeneralSign:40791,NSR:GeneralSign:40791,1,2
124761,NSR:Quay:61426,2,3,NSR:PlaceEquipment:40840,NSR:PlaceEquipment:40840,2,1,NSR:ShelterEquipment:22427,NSR:ShelterEquipment:22427,1,2
124761,NSR:Quay:61426,2,3,NSR:PlaceEquipment:40840,NSR:PlaceEquipment:40840,2,1,NSR:GeneralSign:40790,NSR:GeneralSign:40790,1,2
123560,NSR:Quay:18170,2,3,NSR:PlaceEquipment:40649,NSR:PlaceEquipment:40649,1,2,NSR:GeneralSign:40595,NSR:GeneralSign:40595,2,1
121592,NSR:Quay:63931,2,3,NSR:PlaceEquipment:40629,NSR:PlaceEquipment:40629,2,1,NSR:ShelterEquipment:22344,NSR:ShelterEquipment:22344,1,2
123577,NSR:Quay:18163,2,3,NSR:PlaceEquipment:40648,NSR:PlaceEquipment:40648,1,2,NSR:GeneralSign:40594,NSR:GeneralSign:40594,2,1
121592,NSR:Quay:63931,2,3,NSR:PlaceEquipment:40629,NSR:PlaceEquipment:40629,2,1,NSR:GeneralSign:40573,NSR:GeneralSign:40573,1,2
121540,NSR:Quay:63384,2,3,NSR:PlaceEquipment:40619,NSR:PlaceEquipment:40619,2,1,NSR:ShelterEquipment:22336,NSR:ShelterEquipment:22336,2,1
121540,NSR:Quay:63384,2,3,NSR:PlaceEquipment:40619,NSR:PlaceEquipment:40619,2,1,NSR:GeneralSign:40560,NSR:GeneralSign:40560,2,1
121476,NSR:Quay:64577,2,3,NSR:PlaceEquipment:40596,NSR:PlaceEquipment:40596,2,1,NSR:GeneralSign:40537,NSR:GeneralSign:40537,1,4
121363,NSR:Quay:60548,2,3,NSR:PlaceEquipment:40583,NSR:PlaceEquipment:40583,2,1,NSR:ShelterEquipment:22314,NSR:ShelterEquipment:22314,1,2
121363,NSR:Quay:60548,2,3,NSR:PlaceEquipment:40583,NSR:PlaceEquipment:40583,2,1,NSR:GeneralSign:40530,NSR:GeneralSign:40530,1,2
121344,NSR:Quay:59791,2,3,NSR:PlaceEquipment:40580,NSR:PlaceEquipment:40580,1,2,NSR:GeneralSign:40528,NSR:GeneralSign:40528,2,1
118982,NSR:Quay:22690,2,3,NSR:PlaceEquipment:4330,NSR:PlaceEquipment:4330,3,1,NSR:GeneralSign:4595,NSR:GeneralSign:4595,3,2
118938,NSR:Quay:69953,2,3,NSR:PlaceEquipment:11646,NSR:PlaceEquipment:11646,3,2,NSR:ShelterEquipment:2074,NSR:ShelterEquipment:2074,3,1
118938,NSR:Quay:69953,2,3,NSR:PlaceEquipment:11646,NSR:PlaceEquipment:11646,3,2,NSR:GeneralSign:13571,NSR:GeneralSign:13571,3,2
118298,NSR:Quay:68113,2,3,NSR:PlaceEquipment:32032,NSR:PlaceEquipment:32032,1,2,NSR:GeneralSign:34026,NSR:GeneralSign:34026,2,1
118297,NSR:Quay:68112,2,3,NSR:PlaceEquipment:32031,NSR:PlaceEquipment:32031,2,1,NSR:ShelterEquipment:14015,NSR:ShelterEquipment:14015,2,1
118297,NSR:Quay:68112,2,3,NSR:PlaceEquipment:32031,NSR:PlaceEquipment:32031,2,1,NSR:WaitingRoomEquipment:16010,NSR:WaitingRoomEquipment:16010,2,1
118297,NSR:Quay:68112,2,3,NSR:PlaceEquipment:32031,NSR:PlaceEquipment:32031,2,1,NSR:GeneralSign:34024,NSR:GeneralSign:34024,1,2
118297,NSR:Quay:68112,2,3,NSR:PlaceEquipment:32031,NSR:PlaceEquipment:32031,2,1,NSR:GeneralSign:34025,NSR:GeneralSign:34025,2,1
117800,NSR:Quay:68195,2,3,NSR:PlaceEquipment:28018,NSR:PlaceEquipment:28018,2,1,NSR:WaitingRoomEquipment:12012,NSR:WaitingRoomEquipment:12012,1,2
117800,NSR:Quay:68195,2,3,NSR:PlaceEquipment:28018,NSR:PlaceEquipment:28018,2,1,NSR:GeneralSign:30016,NSR:GeneralSign:30016,2,1
117799,NSR:Quay:68194,2,3,NSR:PlaceEquipment:28017,NSR:PlaceEquipment:28017,1,2,NSR:WaitingRoomEquipment:12011,NSR:WaitingRoomEquipment:12011,2,1
106204,NSR:Quay:14531,2,3,NSR:PlaceEquipment:15232,NSR:PlaceEquipment:15232,2,1,NSR:GeneralSign:17664,NSR:GeneralSign:17664,1,2
108926,NSR:Quay:17877,2,3,NSR:PlaceEquipment:16292,NSR:PlaceEquipment:16292,2,1,NSR:ShelterEquipment:3535,NSR:ShelterEquipment:3535,2,1
108926,NSR:Quay:17877,2,3,NSR:PlaceEquipment:16292,NSR:PlaceEquipment:16292,2,1,NSR:GeneralSign:18771,NSR:GeneralSign:18771,2,1
115437,NSR:Quay:22737,2,3,NSR:PlaceEquipment:5756,NSR:PlaceEquipment:5756,1,2,NSR:GeneralSign:6597,NSR:GeneralSign:6597,4,3
115436,NSR:Quay:22736,2,3,NSR:PlaceEquipment:5755,NSR:PlaceEquipment:5755,2,3,NSR:GeneralSign:6593,NSR:GeneralSign:6593,4,3
115436,NSR:Quay:22736,2,3,NSR:PlaceEquipment:5755,NSR:PlaceEquipment:5755,2,3,NSR:GeneralSign:6595,NSR:GeneralSign:6595,3,2
93208,NSR:Quay:98571,2,3,NSR:PlaceEquipment:13263,NSR:PlaceEquipment:13263,2,1,NSR:GeneralSign:15337,NSR:GeneralSign:15337,1,3
93208,NSR:Quay:98571,2,3,NSR:PlaceEquipment:13263,NSR:PlaceEquipment:13263,2,1,NSR:ShelterEquipment:2769,NSR:ShelterEquipment:2769,1,2
94024,NSR:Quay:59449,2,3,NSR:PlaceEquipment:13513,NSR:PlaceEquipment:13513,1,2,NSR:GeneralSign:15701,NSR:GeneralSign:15701,2,1
104428,NSR:Quay:18923,2,3,NSR:PlaceEquipment:14243,NSR:PlaceEquipment:14243,2,1,NSR:GeneralSign:16496,NSR:GeneralSign:16496,2,1
104428,NSR:Quay:18923,2,3,NSR:PlaceEquipment:14243,NSR:PlaceEquipment:14243,2,1,NSR:GeneralSign:16495,NSR:GeneralSign:16495,2,1
104430,NSR:Quay:18924,2,3,NSR:PlaceEquipment:14245,NSR:PlaceEquipment:14245,2,1,NSR:GeneralSign:16500,NSR:GeneralSign:16500,2,1
104430,NSR:Quay:18924,2,3,NSR:PlaceEquipment:14245,NSR:PlaceEquipment:14245,2,1,NSR:GeneralSign:16499,NSR:GeneralSign:16499,1,2
104756,NSR:Quay:59972,2,3,NSR:PlaceEquipment:14528,NSR:PlaceEquipment:14528,2,1,NSR:GeneralSign:16832,NSR:GeneralSign:16832,2,1
104763,NSR:Quay:59835,2,3,NSR:PlaceEquipment:14534,NSR:PlaceEquipment:14534,1,2,NSR:GeneralSign:16838,NSR:GeneralSign:16838,2,1
104766,NSR:Quay:59836,2,3,NSR:PlaceEquipment:14536,NSR:PlaceEquipment:14536,2,1,NSR:GeneralSign:16840,NSR:GeneralSign:16840,1,2
104684,NSR:Quay:21863,2,3,NSR:PlaceEquipment:14483,NSR:PlaceEquipment:14483,2,1,NSR:GeneralSign:16768,NSR:GeneralSign:16768,2,1
104684,NSR:Quay:21863,2,3,NSR:PlaceEquipment:14483,NSR:PlaceEquipment:14483,2,1,NSR:ShelterEquipment:3076,NSR:ShelterEquipment:3076,1,2
105160,NSR:Quay:67007,2,3,NSR:PlaceEquipment:14826,NSR:PlaceEquipment:14826,1,2,NSR:WaitingRoomEquipment:312,NSR:WaitingRoomEquipment:312,2,1
105161,NSR:Quay:67008,2,3,NSR:PlaceEquipment:14827,NSR:PlaceEquipment:14827,1,2,NSR:ShelterEquipment:3116,NSR:ShelterEquipment:3116,2,1
105162,NSR:Quay:67006,2,3,NSR:PlaceEquipment:14828,NSR:PlaceEquipment:14828,2,1,NSR:GeneralSign:17237,NSR:GeneralSign:17237,1,2
105162,NSR:Quay:67006,2,3,NSR:PlaceEquipment:14828,NSR:PlaceEquipment:14828,2,1,NSR:WaitingRoomEquipment:313,NSR:WaitingRoomEquipment:313,2,1
105162,NSR:Quay:67006,2,3,NSR:PlaceEquipment:14828,NSR:PlaceEquipment:14828,2,1,NSR:ShelterEquipment:3117,NSR:ShelterEquipment:3117,2,1
105163,NSR:Quay:67010,2,3,NSR:PlaceEquipment:14829,NSR:PlaceEquipment:14829,2,1,NSR:GeneralSign:17239,NSR:GeneralSign:17239,2,1
105163,NSR:Quay:67010,2,3,NSR:PlaceEquipment:14829,NSR:PlaceEquipment:14829,2,1,NSR:GeneralSign:17238,NSR:GeneralSign:17238,2,1
105163,NSR:Quay:67010,2,3,NSR:PlaceEquipment:14829,NSR:PlaceEquipment:14829,2,1,NSR:WaitingRoomEquipment:314,NSR:WaitingRoomEquipment:314,1,2
105163,NSR:Quay:67010,2,3,NSR:PlaceEquipment:14829,NSR:PlaceEquipment:14829,2,1,NSR:ShelterEquipment:3118,NSR:ShelterEquipment:3118,1,2
105164,NSR:Quay:67014,2,3,NSR:PlaceEquipment:14830,NSR:PlaceEquipment:14830,1,2,NSR:GeneralSign:17240,NSR:GeneralSign:17240,2,1
105164,NSR:Quay:67014,2,3,NSR:PlaceEquipment:14830,NSR:PlaceEquipment:14830,1,2,NSR:ShelterEquipment:3119,NSR:ShelterEquipment:3119,2,1
105165,NSR:Quay:67011,2,3,NSR:PlaceEquipment:14831,NSR:PlaceEquipment:14831,1,2,NSR:GeneralSign:17241,NSR:GeneralSign:17241,2,1
105165,NSR:Quay:67011,2,3,NSR:PlaceEquipment:14831,NSR:PlaceEquipment:14831,1,2,NSR:ShelterEquipment:3120,NSR:ShelterEquipment:3120,2,1
105167,NSR:Quay:67009,2,3,NSR:PlaceEquipment:14833,NSR:PlaceEquipment:14833,2,1,NSR:GeneralSign:17244,NSR:GeneralSign:17244,1,2
105167,NSR:Quay:67009,2,3,NSR:PlaceEquipment:14833,NSR:PlaceEquipment:14833,2,1,NSR:GeneralSign:17243,NSR:GeneralSign:17243,2,1
105167,NSR:Quay:67009,2,3,NSR:PlaceEquipment:14833,NSR:PlaceEquipment:14833,2,1,NSR:WaitingRoomEquipment:318,NSR:WaitingRoomEquipment:318,1,2
105167,NSR:Quay:67009,2,3,NSR:PlaceEquipment:14833,NSR:PlaceEquipment:14833,2,1,NSR:ShelterEquipment:3122,NSR:ShelterEquipment:3122,1,2
105169,NSR:Quay:67015,2,3,NSR:PlaceEquipment:14835,NSR:PlaceEquipment:14835,1,2,NSR:GeneralSign:17246,NSR:GeneralSign:17246,2,1
105169,NSR:Quay:67015,2,3,NSR:PlaceEquipment:14835,NSR:PlaceEquipment:14835,1,2,NSR:WaitingRoomEquipment:320,NSR:WaitingRoomEquipment:320,2,1
105362,NSR:Quay:23008,2,3,NSR:PlaceEquipment:14981,NSR:PlaceEquipment:14981,2,1,NSR:GeneralSign:17404,NSR:GeneralSign:17404,1,2
105362,NSR:Quay:23008,2,3,NSR:PlaceEquipment:14981,NSR:PlaceEquipment:14981,2,1,NSR:GeneralSign:17402,NSR:GeneralSign:17402,1,2
105143,NSR:Quay:64459,2,3,NSR:PlaceEquipment:14813,NSR:PlaceEquipment:14813,2,1,NSR:GeneralSign:17220,NSR:GeneralSign:17220,2,1
105143,NSR:Quay:64459,2,3,NSR:PlaceEquipment:14813,NSR:PlaceEquipment:14813,2,1,NSR:ShelterEquipment:3102,NSR:ShelterEquipment:3102,2,1
105271,NSR:Quay:22684,2,3,NSR:PlaceEquipment:14895,NSR:PlaceEquipment:14895,2,1,NSR:GeneralSign:17308,NSR:GeneralSign:17308,1,3
105274,NSR:Quay:22685,2,3,NSR:PlaceEquipment:14898,NSR:PlaceEquipment:14898,1,3,NSR:GeneralSign:17311,NSR:GeneralSign:17311,2,1
105464,NSR:Quay:22986,2,3,NSR:PlaceEquipment:15063,NSR:PlaceEquipment:15063,3,2,NSR:GeneralSign:17493,NSR:GeneralSign:17493,1,2
105988,NSR:Quay:66979,2,3,NSR:PlaceEquipment:15165,NSR:PlaceEquipment:15165,4,3,NSR:GeneralSign:17605,NSR:GeneralSign:17605,2,1
105988,NSR:Quay:66979,2,3,NSR:PlaceEquipment:15165,NSR:PlaceEquipment:15165,4,3,NSR:GeneralSign:17604,NSR:GeneralSign:17604,2,4
106302,NSR:Quay:22785,2,3,NSR:PlaceEquipment:15243,NSR:PlaceEquipment:15243,2,1,NSR:GeneralSign:17678,NSR:GeneralSign:17678,1,2
106326,NSR:Quay:22818,2,3,NSR:PlaceEquipment:15265,NSR:PlaceEquipment:15265,2,1,NSR:GeneralSign:17716,NSR:GeneralSign:17716,1,2
106326,NSR:Quay:22818,2,3,NSR:PlaceEquipment:15265,NSR:PlaceEquipment:15265,2,1,NSR:GeneralSign:17714,NSR:GeneralSign:17714,1,2
106328,NSR:Quay:22817,2,3,NSR:PlaceEquipment:15267,NSR:PlaceEquipment:15267,2,1,NSR:GeneralSign:17720,NSR:GeneralSign:17720,1,2
106328,NSR:Quay:22817,2,3,NSR:PlaceEquipment:15267,NSR:PlaceEquipment:15267,2,1,NSR:GeneralSign:17719,NSR:GeneralSign:17719,2,1
106361,NSR:Quay:23141,2,3,NSR:PlaceEquipment:15293,NSR:PlaceEquipment:15293,2,1,NSR:GeneralSign:17760,NSR:GeneralSign:17760,3,1
106593,NSR:Quay:60850,2,3,NSR:PlaceEquipment:15413,NSR:PlaceEquipment:15413,2,1,NSR:GeneralSign:17882,NSR:GeneralSign:17882,3,2
106593,NSR:Quay:60850,2,3,NSR:PlaceEquipment:15413,NSR:PlaceEquipment:15413,2,1,NSR:ShelterEquipment:3228,NSR:ShelterEquipment:3228,3,4
107352,NSR:Quay:20166,2,3,NSR:PlaceEquipment:16009,NSR:PlaceEquipment:16009,2,1,NSR:GeneralSign:18471,NSR:GeneralSign:18471,2,1
107354,NSR:Quay:20165,2,3,NSR:PlaceEquipment:16011,NSR:PlaceEquipment:16011,2,1,NSR:GeneralSign:18473,NSR:GeneralSign:18473,2,1
107397,NSR:Quay:21652,2,3,NSR:PlaceEquipment:16053,NSR:PlaceEquipment:16053,2,1,NSR:GeneralSign:18517,NSR:GeneralSign:18517,1,3
107397,NSR:Quay:21652,2,3,NSR:PlaceEquipment:16053,NSR:PlaceEquipment:16053,2,1,NSR:GeneralSign:18516,NSR:GeneralSign:18516,2,1
107397,NSR:Quay:21652,2,3,NSR:PlaceEquipment:16053,NSR:PlaceEquipment:16053,2,1,NSR:ShelterEquipment:3415,NSR:ShelterEquipment:3415,3,1
107398,NSR:Quay:21651,2,3,NSR:PlaceEquipment:16054,NSR:PlaceEquipment:16054,3,1,NSR:GeneralSign:18518,NSR:GeneralSign:18518,2,1
126579,NSR:Quay:69009,3,4,NSR:PlaceEquipment:41132,NSR:PlaceEquipment:41132,2,1,NSR:GeneralSign:41092,NSR:GeneralSign:41092,2,1
93214,NSR:Quay:59804,3,4,NSR:PlaceEquipment:13269,NSR:PlaceEquipment:13269,1,2,NSR:GeneralSign:15343,NSR:GeneralSign:15343,2,1
93598,NSR:Quay:27422,3,4,NSR:PlaceEquipment:13459,NSR:PlaceEquipment:13459,1,3,NSR:GeneralSign:15646,NSR:GeneralSign:15646,2,1
104819,NSR:Quay:20209,3,4,NSR:PlaceEquipment:14563,NSR:PlaceEquipment:14563,1,2,NSR:GeneralSign:16875,NSR:GeneralSign:16875,2,1
104710,NSR:Quay:60207,3,4,NSR:PlaceEquipment:14492,NSR:PlaceEquipment:14492,2,1,NSR:GeneralSign:16777,NSR:GeneralSign:16777,1,2
104711,NSR:Quay:60205,3,4,NSR:PlaceEquipment:14493,NSR:PlaceEquipment:14493,1,2,NSR:GeneralSign:16778,NSR:GeneralSign:16778,2,1
105219,NSR:Quay:64215,3,4,NSR:PlaceEquipment:14846,NSR:PlaceEquipment:14846,4,3,NSR:GeneralSign:17259,NSR:GeneralSign:17259,2,1
105219,NSR:Quay:64215,3,4,NSR:PlaceEquipment:14846,NSR:PlaceEquipment:14846,4,3,NSR:ShelterEquipment:3135,NSR:ShelterEquipment:3135,3,1
105774,NSR:Quay:21076,3,4,NSR:PlaceEquipment:15147,NSR:PlaceEquipment:15147,1,2,NSR:ShelterEquipment:3146,NSR:ShelterEquipment:3146,2,1
106045,NSR:Quay:64472,3,4,NSR:PlaceEquipment:15209,NSR:PlaceEquipment:15209,1,2,NSR:GeneralSign:17651,NSR:GeneralSign:17651,2,1
106045,NSR:Quay:64472,3,4,NSR:PlaceEquipment:15209,NSR:PlaceEquipment:15209,1,2,NSR:ShelterEquipment:3168,NSR:ShelterEquipment:3168,2,1
106047,NSR:Quay:64471,3,4,NSR:PlaceEquipment:15210,NSR:PlaceEquipment:15210,2,1,NSR:GeneralSign:17652,NSR:GeneralSign:17652,2,1
106047,NSR:Quay:64471,3,4,NSR:PlaceEquipment:15210,NSR:PlaceEquipment:15210,2,1,NSR:ShelterEquipment:3169,NSR:ShelterEquipment:3169,2,1
106631,NSR:Quay:59299,3,4,NSR:PlaceEquipment:15423,NSR:PlaceEquipment:15423,1,2,NSR:GeneralSign:17887,NSR:GeneralSign:17887,2,1
109265,NSR:Quay:24373,3,4,NSR:PlaceEquipment:16333,NSR:PlaceEquipment:16333,29,28,NSR:GeneralSign:18822,NSR:GeneralSign:18822,29,11
109265,NSR:Quay:24373,3,4,NSR:PlaceEquipment:16333,NSR:PlaceEquipment:16333,29,28,NSR:GeneralSign:18821,NSR:GeneralSign:18821,6,7
109265,NSR:Quay:24373,3,4,NSR:PlaceEquipment:16333,NSR:PlaceEquipment:16333,29,28,NSR:ShelterEquipment:3546,NSR:ShelterEquipment:3546,2,3
109963,NSR:Quay:16440,3,4,NSR:PlaceEquipment:16561,NSR:PlaceEquipment:16561,1,3,NSR:GeneralSign:19144,NSR:GeneralSign:19144,2,1
109964,NSR:Quay:16441,3,4,NSR:PlaceEquipment:16562,NSR:PlaceEquipment:16562,3,2,NSR:GeneralSign:19145,NSR:GeneralSign:19145,1,3
110734,NSR:Quay:71085,3,4,NSR:PlaceEquipment:15215,NSR:PlaceEquipment:15215,4,2,NSR:WaitingRoomEquipment:334,NSR:WaitingRoomEquipment:334,4,3
111782,NSR:Quay:98634,3,4,NSR:PlaceEquipment:20008,NSR:PlaceEquipment:20008,1,3,NSR:GeneralSign:22001,NSR:GeneralSign:22001,3,2
111784,NSR:Quay:98635,3,4,NSR:PlaceEquipment:20009,NSR:PlaceEquipment:20009,3,2,NSR:GeneralSign:22002,NSR:GeneralSign:22002,2,1
113779,NSR:Quay:66978,3,4,NSR:PlaceEquipment:15164,NSR:PlaceEquipment:15164,2,1,NSR:GeneralSign:17603,NSR:GeneralSign:17603,4,3
113779,NSR:Quay:66978,3,4,NSR:PlaceEquipment:15164,NSR:PlaceEquipment:15164,2,1,NSR:GeneralSign:17602,NSR:GeneralSign:17602,1,4
113780,NSR:Quay:66979,3,4,NSR:PlaceEquipment:15165,NSR:PlaceEquipment:15165,3,2,NSR:GeneralSign:17605,NSR:GeneralSign:17605,1,3
113780,NSR:Quay:66979,3,4,NSR:PlaceEquipment:15165,NSR:PlaceEquipment:15165,3,2,NSR:GeneralSign:17604,NSR:GeneralSign:17604,4,3
113903,NSR:Quay:60850,3,4,NSR:PlaceEquipment:15413,NSR:PlaceEquipment:15413,1,4,NSR:GeneralSign:17882,NSR:GeneralSign:17882,2,1
115300,NSR:Quay:22986,3,4,NSR:PlaceEquipment:15063,NSR:PlaceEquipment:15063,2,1,NSR:GeneralSign:17493,NSR:GeneralSign:17493,2,3
115441,NSR:Quay:22736,3,4,NSR:PlaceEquipment:5755,NSR:PlaceEquipment:5755,3,4,NSR:GeneralSign:6595,NSR:GeneralSign:6595,2,1
115441,NSR:Quay:22736,3,4,NSR:PlaceEquipment:5755,NSR:PlaceEquipment:5755,3,4,NSR:GeneralSign:6593,NSR:GeneralSign:6593,3,2
117902,NSR:Quay:70877,3,4,NSR:PlaceEquipment:28042,NSR:PlaceEquipment:28042,3,2,NSR:ShelterEquipment:10025,NSR:ShelterEquipment:10025,3,1
118510,NSR:Quay:21652,3,4,NSR:PlaceEquipment:16053,NSR:PlaceEquipment:16053,1,3,NSR:GeneralSign:18517,NSR:GeneralSign:18517,3,2
118979,NSR:Quay:22684,3,4,NSR:PlaceEquipment:14895,NSR:PlaceEquipment:14895,1,3,NSR:GeneralSign:17308,NSR:GeneralSign:17308,3,2
118980,NSR:Quay:22685,3,4,NSR:PlaceEquipment:14898,NSR:PlaceEquipment:14898,3,2,NSR:GeneralSign:17311,NSR:GeneralSign:17311,1,3
119328,NSR:Quay:60564,3,4,NSR:PlaceEquipment:38102,NSR:PlaceEquipment:38102,2,1,NSR:GeneralSign:38081,NSR:GeneralSign:38081,1,2
119686,NSR:Quay:62546,3,4,NSR:PlaceEquipment:38189,NSR:PlaceEquipment:38189,2,1,NSR:GeneralSign:38114,NSR:GeneralSign:38114,1,2
119686,NSR:Quay:62546,3,4,NSR:PlaceEquipment:38189,NSR:PlaceEquipment:38189,2,1,NSR:ShelterEquipment:20039,NSR:ShelterEquipment:20039,1,2
121481,NSR:Quay:63722,3,4,NSR:PlaceEquipment:40611,NSR:PlaceEquipment:40611,2,1,NSR:GeneralSign:40550,NSR:GeneralSign:40550,2,1
121481,NSR:Quay:63722,3,4,NSR:PlaceEquipment:40611,NSR:PlaceEquipment:40611,2,1,NSR:ShelterEquipment:22331,NSR:ShelterEquipment:22331,1,2
124797,NSR:Quay:60375,3,4,NSR:PlaceEquipment:15425,NSR:PlaceEquipment:15425,3,2,NSR:ShelterEquipment:3234,NSR:ShelterEquipment:3234,3,1
125416,NSR:Quay:67918,3,4,NSR:PlaceEquipment:40883,NSR:PlaceEquipment:40883,2,4,NSR:WaitingRoomEquipment:24092,NSR:WaitingRoomEquipment:24092,5,4
125416,NSR:Quay:67918,3,4,NSR:PlaceEquipment:40883,NSR:PlaceEquipment:40883,2,4,NSR:ShelterEquipment:22449,NSR:ShelterEquipment:22449,3,2
125418,NSR:Quay:67922,3,4,NSR:PlaceEquipment:40885,NSR:PlaceEquipment:40885,2,1,NSR:GeneralSign:40830,NSR:GeneralSign:40830,1,5
125418,NSR:Quay:67922,3,4,NSR:PlaceEquipment:40885,NSR:PlaceEquipment:40885,2,1,NSR:WaitingRoomEquipment:24094,NSR:WaitingRoomEquipment:24094,2,4
125420,NSR:Quay:67920,3,4,NSR:PlaceEquipment:40887,NSR:PlaceEquipment:40887,2,1,NSR:GeneralSign:40832,NSR:GeneralSign:40832,5,3
125420,NSR:Quay:67920,3,4,NSR:PlaceEquipment:40887,NSR:PlaceEquipment:40887,2,1,NSR:WaitingRoomEquipment:24096,NSR:WaitingRoomEquipment:24096,2,4
125420,NSR:Quay:67920,3,4,NSR:PlaceEquipment:40887,NSR:PlaceEquipment:40887,2,1,NSR:ShelterEquipment:22452,NSR:ShelterEquipment:22452,3,2
125423,NSR:Quay:67924,3,4,NSR:PlaceEquipment:40889,NSR:PlaceEquipment:40889,4,5,NSR:GeneralSign:40834,NSR:GeneralSign:40834,2,1
125424,NSR:Quay:67915,3,4,NSR:PlaceEquipment:40890,NSR:PlaceEquipment:40890,5,3,NSR:WaitingRoomEquipment:24099,NSR:WaitingRoomEquipment:24099,2,1
125424,NSR:Quay:67915,3,4,NSR:PlaceEquipment:40890,NSR:PlaceEquipment:40890,5,3,NSR:ShelterEquipment:22454,NSR:ShelterEquipment:22454,2,1
125425,NSR:Quay:67916,3,4,NSR:PlaceEquipment:40891,NSR:PlaceEquipment:40891,2,5,NSR:WaitingRoomEquipment:24100,NSR:WaitingRoomEquipment:24100,5,4
125426,NSR:Quay:67914,3,4,NSR:PlaceEquipment:40892,NSR:PlaceEquipment:40892,4,5,NSR:WaitingRoomEquipment:24101,NSR:WaitingRoomEquipment:24101,4,3
125565,NSR:Quay:64613,3,4,NSR:PlaceEquipment:40947,NSR:PlaceEquipment:40947,2,1,NSR:GeneralSign:40904,NSR:GeneralSign:40904,1,2
125565,NSR:Quay:64613,3,4,NSR:PlaceEquipment:40947,NSR:PlaceEquipment:40947,2,1,NSR:ShelterEquipment:22502,NSR:ShelterEquipment:22502,2,1
126108,NSR:Quay:69468,3,4,NSR:PlaceEquipment:11494,NSR:PlaceEquipment:11494,1,3,NSR:ShelterEquipment:1991,NSR:ShelterEquipment:1991,4,3
126110,NSR:Quay:69470,3,4,NSR:PlaceEquipment:11496,NSR:PlaceEquipment:11496,3,4,NSR:GeneralSign:13427,NSR:GeneralSign:13427,3,2
126111,NSR:Quay:69469,3,4,NSR:PlaceEquipment:11495,NSR:PlaceEquipment:11495,3,2,NSR:GeneralSign:13425,NSR:GeneralSign:13425,1,4
126573,NSR:Quay:69002,3,4,NSR:PlaceEquipment:41126,NSR:PlaceEquipment:41126,2,1,NSR:GeneralSign:41086,NSR:GeneralSign:41086,1,3
126573,NSR:Quay:69002,3,4,NSR:PlaceEquipment:41126,NSR:PlaceEquipment:41126,2,1,NSR:WaitingRoomEquipment:24196,NSR:WaitingRoomEquipment:24196,3,2
126573,NSR:Quay:69002,3,4,NSR:PlaceEquipment:41126,NSR:PlaceEquipment:41126,2,1,NSR:ShelterEquipment:22589,NSR:ShelterEquipment:22589,3,2
126575,NSR:Quay:69011,3,4,NSR:PlaceEquipment:41128,NSR:PlaceEquipment:41128,1,2,NSR:ShelterEquipment:22591,NSR:ShelterEquipment:22591,2,1
126576,NSR:Quay:69005,3,4,NSR:PlaceEquipment:41129,NSR:PlaceEquipment:41129,1,2,NSR:WaitingRoomEquipment:24199,NSR:WaitingRoomEquipment:24199,3,2
126576,NSR:Quay:69005,3,4,NSR:PlaceEquipment:41129,NSR:PlaceEquipment:41129,1,2,NSR:ShelterEquipment:22592,NSR:ShelterEquipment:22592,2,1
126577,NSR:Quay:69006,3,4,NSR:PlaceEquipment:41130,NSR:PlaceEquipment:41130,2,1,NSR:GeneralSign:41090,NSR:GeneralSign:41090,3,2
126577,NSR:Quay:69006,3,4,NSR:PlaceEquipment:41130,NSR:PlaceEquipment:41130,2,1,NSR:WaitingRoomEquipment:24200,NSR:WaitingRoomEquipment:24200,2,1
126577,NSR:Quay:69006,3,4,NSR:PlaceEquipment:41130,NSR:PlaceEquipment:41130,2,1,NSR:ShelterEquipment:22593,NSR:ShelterEquipment:22593,2,1
126578,NSR:Quay:69007,3,4,NSR:PlaceEquipment:41131,NSR:PlaceEquipment:41131,3,1,NSR:WaitingRoomEquipment:24201,NSR:WaitingRoomEquipment:24201,3,2
126579,NSR:Quay:69009,3,4,NSR:PlaceEquipment:41132,NSR:PlaceEquipment:41132,2,1,NSR:GeneralSign:41093,NSR:GeneralSign:41093,1,3
126579,NSR:Quay:69009,3,4,NSR:PlaceEquipment:41132,NSR:PlaceEquipment:41132,2,1,NSR:WaitingRoomEquipment:24202,NSR:WaitingRoomEquipment:24202,3,1
126579,NSR:Quay:69009,3,4,NSR:PlaceEquipment:41132,NSR:PlaceEquipment:41132,2,1,NSR:ShelterEquipment:22595,NSR:ShelterEquipment:22595,3,1
126580,NSR:Quay:69004,3,4,NSR:PlaceEquipment:41133,NSR:PlaceEquipment:41133,2,1,NSR:GeneralSign:41094,NSR:GeneralSign:41094,1,3
126580,NSR:Quay:69004,3,4,NSR:PlaceEquipment:41133,NSR:PlaceEquipment:41133,2,1,NSR:WaitingRoomEquipment:24203,NSR:WaitingRoomEquipment:24203,2,3
126580,NSR:Quay:69004,3,4,NSR:PlaceEquipment:41133,NSR:PlaceEquipment:41133,2,1,NSR:ShelterEquipment:22596,NSR:ShelterEquipment:22596,3,2
126581,NSR:Quay:69001,3,4,NSR:PlaceEquipment:41134,NSR:PlaceEquipment:41134,1,3,NSR:GeneralSign:41095,NSR:GeneralSign:41095,2,1
128531,NSR:Quay:16460,3,4,NSR:PlaceEquipment:16495,NSR:PlaceEquipment:16495,3,1,NSR:GeneralSign:19052,NSR:GeneralSign:19052,2,1
131196,NSR:Quay:15338,3,4,NSR:PlaceEquipment:16490,NSR:PlaceEquipment:16490,3,2,NSR:GeneralSign:19044,NSR:GeneralSign:19044,3,1
131745,NSR:Quay:18044,3,4,NSR:PlaceEquipment:41600,NSR:PlaceEquipment:41600,2,1,NSR:GeneralSign:41470,NSR:GeneralSign:41470,2,1
131745,NSR:Quay:18044,3,4,NSR:PlaceEquipment:41600,NSR:PlaceEquipment:41600,2,1,NSR:GeneralSign:41469,NSR:GeneralSign:41469,1,2
131746,NSR:Quay:18046,3,4,NSR:PlaceEquipment:41601,NSR:PlaceEquipment:41601,2,1,NSR:GeneralSign:41472,NSR:GeneralSign:41472,2,1
131746,NSR:Quay:18046,3,4,NSR:PlaceEquipment:41601,NSR:PlaceEquipment:41601,2,1,NSR:GeneralSign:41471,NSR:GeneralSign:41471,2,1
132715,NSR:Quay:64577,3,4,NSR:PlaceEquipment:40596,NSR:PlaceEquipment:40596,1,3,NSR:GeneralSign:40537,NSR:GeneralSign:40537,4,3
135889,NSR:Quay:64948,3,4,NSR:PlaceEquipment:9688,NSR:PlaceEquipment:9688,2,3,NSR:ShelterEquipment:1137,NSR:ShelterEquipment:1137,3,2
137368,NSR:Quay:98492,3,4,NSR:PlaceEquipment:42216,NSR:PlaceEquipment:42216,1,2,NSR:ShelterEquipment:22924,NSR:ShelterEquipment:22924,2,1
114348,NSR:Quay:24373,4,5,NSR:PlaceEquipment:16333,NSR:PlaceEquipment:16333,28,27,NSR:GeneralSign:18821,NSR:GeneralSign:18821,7,27
117905,NSR:Quay:70877,4,5,NSR:PlaceEquipment:28042,NSR:PlaceEquipment:28042,2,1,NSR:ShelterEquipment:10025,NSR:ShelterEquipment:10025,1,2
114358,NSR:Quay:24372,4,5,NSR:PlaceEquipment:16342,NSR:PlaceEquipment:16342,22,21,NSR:GeneralSign:18833,NSR:GeneralSign:18833,18,27
114348,NSR:Quay:24373,4,5,NSR:PlaceEquipment:16333,NSR:PlaceEquipment:16333,28,27,NSR:ShelterEquipment:3546,NSR:ShelterEquipment:3546,3,4
120196,NSR:Quay:71184,4,5,NSR:PlaceEquipment:40139,NSR:PlaceEquipment:40139,3,2,NSR:ShelterEquipment:22114,NSR:ShelterEquipment:22114,2,3
120196,NSR:Quay:71184,4,5,NSR:PlaceEquipment:40139,NSR:PlaceEquipment:40139,3,2,NSR:GeneralSign:40115,NSR:GeneralSign:40115,1,3
130813,NSR:Quay:122021,4,5,NSR:PlaceEquipment:41503,NSR:PlaceEquipment:41503,2,1,NSR:GeneralSign:41422,NSR:GeneralSign:41422,1,2
130804,NSR:Quay:122024,4,5,NSR:PlaceEquipment:41495,NSR:PlaceEquipment:41495,2,1,NSR:GeneralSign:41414,NSR:GeneralSign:41414,2,1
128339,NSR:Quay:59804,4,5,NSR:PlaceEquipment:13269,NSR:PlaceEquipment:13269,2,3,NSR:ShelterEquipment:2775,NSR:ShelterEquipment:2775,3,2
133456,NSR:Quay:26684,4,5,NSR:PlaceEquipment:16728,NSR:PlaceEquipment:16728,3,1,NSR:GeneralSign:19405,NSR:GeneralSign:19405,3,2
130812,NSR:Quay:122026,4,5,NSR:PlaceEquipment:41502,NSR:PlaceEquipment:41502,1,2,NSR:GeneralSign:41421,NSR:GeneralSign:41421,2,1
130810,NSR:Quay:122032,4,5,NSR:PlaceEquipment:41500,NSR:PlaceEquipment:41500,1,2,NSR:GeneralSign:41419,NSR:GeneralSign:41419,2,1
130806,NSR:Quay:122033,4,5,NSR:PlaceEquipment:41497,NSR:PlaceEquipment:41497,2,1,NSR:GeneralSign:41416,NSR:GeneralSign:41416,2,1
130807,NSR:Quay:122031,4,5,NSR:PlaceEquipment:41498,NSR:PlaceEquipment:41498,2,1,NSR:GeneralSign:41417,NSR:GeneralSign:41417,2,1
119319,NSR:Quay:65171,4,5,NSR:PlaceEquipment:38100,NSR:PlaceEquipment:38100,3,2,NSR:ShelterEquipment:20032,NSR:ShelterEquipment:20032,3,1
119319,NSR:Quay:65171,4,5,NSR:PlaceEquipment:38100,NSR:PlaceEquipment:38100,3,2,NSR:GeneralSign:38079,NSR:GeneralSign:38079,1,2
125455,NSR:Quay:100018,4,5,NSR:PlaceEquipment:40894,NSR:PlaceEquipment:40894,3,2,NSR:GeneralSign:12964,NSR:GeneralSign:12964,2,4
125435,NSR:Quay:67921,4,5,NSR:PlaceEquipment:40888,NSR:PlaceEquipment:40888,1,2,NSR:GeneralSign:40833,NSR:GeneralSign:40833,3,2
125433,NSR:Quay:67923,4,5,NSR:PlaceEquipment:40886,NSR:PlaceEquipment:40886,3,2,NSR:ShelterEquipment:22451,NSR:ShelterEquipment:22451,4,3
125433,NSR:Quay:67923,4,5,NSR:PlaceEquipment:40886,NSR:PlaceEquipment:40886,3,2,NSR:WaitingRoomEquipment:24095,NSR:WaitingRoomEquipment:24095,3,2
125440,NSR:Quay:67913,4,5,NSR:PlaceEquipment:40893,NSR:PlaceEquipment:40893,2,5,NSR:GeneralSign:40839,NSR:GeneralSign:40839,2,1
125433,NSR:Quay:67923,4,5,NSR:PlaceEquipment:40886,NSR:PlaceEquipment:40886,3,2,NSR:GeneralSign:40831,NSR:GeneralSign:40831,5,1
128548,NSR:Quay:63049,4,5,NSR:PlaceEquipment:41371,NSR:PlaceEquipment:41371,2,1,NSR:ShelterEquipment:22700,NSR:ShelterEquipment:22700,1,2
113909,NSR:Quay:60850,4,5,NSR:PlaceEquipment:15413,NSR:PlaceEquipment:15413,4,3,NSR:ShelterEquipment:3228,NSR:ShelterEquipment:3228,2,1
125432,NSR:Quay:67922,4,5,NSR:PlaceEquipment:40885,NSR:PlaceEquipment:40885,1,5,NSR:WaitingRoomEquipment:24094,NSR:WaitingRoomEquipment:24094,4,3
125432,NSR:Quay:67922,4,5,NSR:PlaceEquipment:40885,NSR:PlaceEquipment:40885,1,5,NSR:GeneralSign:40830,NSR:GeneralSign:40830,5,4
125397,NSR:Quay:67919,4,5,NSR:PlaceEquipment:40882,NSR:PlaceEquipment:40882,5,1,NSR:GeneralSign:40827,NSR:GeneralSign:40827,4,3
133144,NSR:Quay:16441,4,5,NSR:PlaceEquipment:16562,NSR:PlaceEquipment:16562,2,1,NSR:GeneralSign:19145,NSR:GeneralSign:19145,3,2
133142,NSR:Quay:16440,4,5,NSR:PlaceEquipment:16561,NSR:PlaceEquipment:16561,3,2,NSR:GeneralSign:19144,NSR:GeneralSign:19144,1,3
113464,NSR:Quay:98650,4,5,NSR:PlaceEquipment:13141,NSR:PlaceEquipment:13141,2,3,NSR:ShelterEquipment:2740,NSR:ShelterEquipment:2740,3,2
132718,NSR:Quay:64577,4,5,NSR:PlaceEquipment:40596,NSR:PlaceEquipment:40596,3,4,NSR:GeneralSign:40537,NSR:GeneralSign:40537,3,2
135251,NSR:Quay:99391,4,5,NSR:PlaceEquipment:42011,NSR:PlaceEquipment:42011,1,2,NSR:SanitaryEquipment:22135,NSR:SanitaryEquipment:22135,2,1
135251,NSR:Quay:99391,4,5,NSR:PlaceEquipment:42011,NSR:PlaceEquipment:42011,1,2,NSR:ShelterEquipment:22875,NSR:ShelterEquipment:22875,3,2
113784,NSR:Quay:66979,4,5,NSR:PlaceEquipment:15165,NSR:PlaceEquipment:15165,2,1,NSR:GeneralSign:17605,NSR:GeneralSign:17605,3,4
113784,NSR:Quay:66979,4,5,NSR:PlaceEquipment:15165,NSR:PlaceEquipment:15165,2,1,NSR:GeneralSign:17604,NSR:GeneralSign:17604,3,1
111796,NSR:Quay:98634,4,5,NSR:PlaceEquipment:20008,NSR:PlaceEquipment:20008,3,2,NSR:GeneralSign:22001,NSR:GeneralSign:22001,2,1
111805,NSR:Quay:98635,4,5,NSR:PlaceEquipment:20009,NSR:PlaceEquipment:20009,2,1,NSR:GeneralSign:22002,NSR:GeneralSign:22002,1,3
114043,NSR:Quay:64215,4,5,NSR:PlaceEquipment:14846,NSR:PlaceEquipment:14846,3,2,NSR:GeneralSign:17259,NSR:GeneralSign:17259,1,4
114043,NSR:Quay:64215,4,5,NSR:PlaceEquipment:14846,NSR:PlaceEquipment:14846,3,2,NSR:ShelterEquipment:3135,NSR:ShelterEquipment:3135,1,4
128548,NSR:Quay:63049,4,5,NSR:PlaceEquipment:41371,NSR:PlaceEquipment:41371,2,1,NSR:GeneralSign:41303,NSR:GeneralSign:41303,2,1
128547,NSR:Quay:63050,4,5,NSR:PlaceEquipment:41370,NSR:PlaceEquipment:41370,2,1,NSR:GeneralSign:41302,NSR:GeneralSign:41302,2,1
124837,NSR:Quay:64531,4,5,NSR:PlaceEquipment:40849,NSR:PlaceEquipment:40849,1,2,NSR:ShelterEquipment:22431,NSR:ShelterEquipment:22431,2,1
124835,NSR:Quay:64532,4,5,NSR:PlaceEquipment:40848,NSR:PlaceEquipment:40848,2,1,NSR:ShelterEquipment:22430,NSR:ShelterEquipment:22430,2,1
124835,NSR:Quay:64532,4,5,NSR:PlaceEquipment:40848,NSR:PlaceEquipment:40848,2,1,NSR:GeneralSign:40795,NSR:GeneralSign:40795,1,2
130819,NSR:Quay:122025,4,5,NSR:PlaceEquipment:41509,NSR:PlaceEquipment:41509,2,1,NSR:GeneralSign:41428,NSR:GeneralSign:41428,1,2
124227,NSR:Quay:59749,4,5,NSR:PlaceEquipment:40733,NSR:PlaceEquipment:40733,2,1,NSR:ShelterEquipment:22365,NSR:ShelterEquipment:22365,1,2
125436,NSR:Quay:67924,4,5,NSR:PlaceEquipment:40889,NSR:PlaceEquipment:40889,5,3,NSR:WaitingRoomEquipment:24098,NSR:WaitingRoomEquipment:24098,3,2
125455,NSR:Quay:100018,4,5,NSR:PlaceEquipment:40894,NSR:PlaceEquipment:40894,3,2,NSR:ShelterEquipment:1730,NSR:ShelterEquipment:1730,4,1
124227,NSR:Quay:59749,4,5,NSR:PlaceEquipment:40733,NSR:PlaceEquipment:40733,2,1,NSR:GeneralSign:40697,NSR:GeneralSign:40697,2,1
125455,NSR:Quay:100018,4,5,NSR:PlaceEquipment:40894,NSR:PlaceEquipment:40894,3,2,NSR:WaitingRoomEquipment:218,NSR:WaitingRoomEquipment:218,1,2
113909,NSR:Quay:60850,4,5,NSR:PlaceEquipment:15413,NSR:PlaceEquipment:15413,4,3,NSR:GeneralSign:17882,NSR:GeneralSign:17882,1,4
115718,NSR:Quay:71085,4,5,NSR:PlaceEquipment:15215,NSR:PlaceEquipment:15215,2,1,NSR:WaitingRoomEquipment:334,NSR:WaitingRoomEquipment:334,3,2
124226,NSR:Quay:59751,4,5,NSR:PlaceEquipment:40732,NSR:PlaceEquipment:40732,2,1,NSR:GeneralSign:40696,NSR:GeneralSign:40696,1,2
130817,NSR:Quay:122027,4,5,NSR:PlaceEquipment:41507,NSR:PlaceEquipment:41507,2,1,NSR:GeneralSign:41426,NSR:GeneralSign:41426,2,1
116965,NSR:Quay:11091,4,5,NSR:PlaceEquipment:24034,NSR:PlaceEquipment:24034,2,1,NSR:GeneralSign:15155,NSR:GeneralSign:15155,5,4
128528,NSR:Quay:16457,4,5,NSR:PlaceEquipment:41366,NSR:PlaceEquipment:41366,4,3,NSR:GeneralSign:41299,NSR:GeneralSign:41299,1,3
130815,NSR:Quay:122022,4,5,NSR:PlaceEquipment:41505,NSR:PlaceEquipment:41505,1,2,NSR:GeneralSign:41424,NSR:GeneralSign:41424,2,1
133497,NSR:Quay:27422,4,5,NSR:PlaceEquipment:13459,NSR:PlaceEquipment:13459,3,2,NSR:GeneralSign:15646,NSR:GeneralSign:15646,1,3
114339,NSR:Quay:24358,4,5,NSR:PlaceEquipment:16325,NSR:PlaceEquipment:16325,26,27,NSR:GeneralSign:18807,NSR:GeneralSign:18807,29,28
114348,NSR:Quay:24373,4,5,NSR:PlaceEquipment:16333,NSR:PlaceEquipment:16333,28,27,NSR:GeneralSign:18822,NSR:GeneralSign:18822,11,3
133497,NSR:Quay:27422,4,5,NSR:PlaceEquipment:13459,NSR:PlaceEquipment:13459,3,2,NSR:ShelterEquipment:2813,NSR:ShelterEquipment:2813,3,2
134223,NSR:Quay:60339,4,5,NSR:PlaceEquipment:8512,NSR:PlaceEquipment:8512,3,2,NSR:GeneralSign:10557,NSR:GeneralSign:10557,10,9
114358,NSR:Quay:24372,4,5,NSR:PlaceEquipment:16342,NSR:PlaceEquipment:16342,22,21,NSR:GeneralSign:18832,NSR:GeneralSign:18832,16,10
125453,NSR:Quay:67921,5,6,NSR:PlaceEquipment:40888,NSR:PlaceEquipment:40888,2,4,NSR:WaitingRoomEquipment:24097,NSR:WaitingRoomEquipment:24097,5,4
114399,NSR:Quay:24770,5,6,NSR:PlaceEquipment:14807,NSR:PlaceEquipment:14807,6,10,NSR:ShelterEquipment:3098,NSR:ShelterEquipment:3098,8,7
137515,NSR:Quay:102058,5,6,NSR:PlaceEquipment:42253,NSR:PlaceEquipment:42253,3,1,NSR:GeneralSign:42245,NSR:GeneralSign:42245,3,2
128530,NSR:Quay:16457,5,6,NSR:PlaceEquipment:41366,NSR:PlaceEquipment:41366,3,2,NSR:GeneralSign:41299,NSR:GeneralSign:41299,3,2
127932,NSR:Quay:65171,5,6,NSR:PlaceEquipment:38100,NSR:PlaceEquipment:38100,2,1,NSR:ShelterEquipment:20032,NSR:ShelterEquipment:20032,1,2
127932,NSR:Quay:65171,5,6,NSR:PlaceEquipment:38100,NSR:PlaceEquipment:38100,2,1,NSR:GeneralSign:38079,NSR:GeneralSign:38079,2,3
108304,NSR:Quay:19231,5,6,NSR:PlaceEquipment:16234,NSR:PlaceEquipment:16234,4,3,NSR:GeneralSign:18697,NSR:GeneralSign:18697,2,1
135291,NSR:Quay:99391,5,6,NSR:PlaceEquipment:42011,NSR:PlaceEquipment:42011,2,3,NSR:ShelterEquipment:22875,NSR:ShelterEquipment:22875,2,1
114049,NSR:Quay:64215,5,6,NSR:PlaceEquipment:14846,NSR:PlaceEquipment:14846,2,1,NSR:GeneralSign:17259,NSR:GeneralSign:17259,4,3
114049,NSR:Quay:64215,5,6,NSR:PlaceEquipment:14846,NSR:PlaceEquipment:14846,2,1,NSR:ShelterEquipment:3135,NSR:ShelterEquipment:3135,4,2
115445,NSR:Quay:22736,5,6,NSR:PlaceEquipment:22075,NSR:PlaceEquipment:22075,1,2,NSR:GeneralSign:24032,NSR:GeneralSign:24032,2,1
115667,NSR:Quay:11872,5,6,NSR:PlaceEquipment:22087,NSR:PlaceEquipment:22087,4,3,NSR:GeneralSign:24038,NSR:GeneralSign:24038,4,3
113834,NSR:Quay:98630,5,6,NSR:PlaceEquipment:22038,NSR:PlaceEquipment:22038,2,1,NSR:GeneralSign:24008,NSR:GeneralSign:24008,1,2
116967,NSR:Quay:11091,5,6,NSR:PlaceEquipment:24034,NSR:PlaceEquipment:24034,1,3,NSR:GeneralSign:15155,NSR:GeneralSign:15155,4,3
118559,NSR:Quay:21652,5,6,NSR:PlaceEquipment:34012,NSR:PlaceEquipment:34012,1,2,NSR:GeneralSign:36007,NSR:GeneralSign:36007,2,1
118559,NSR:Quay:21652,5,6,NSR:PlaceEquipment:34012,NSR:PlaceEquipment:34012,1,2,NSR:ShelterEquipment:16004,NSR:ShelterEquipment:16004,2,1
114373,NSR:Quay:24358,5,6,NSR:PlaceEquipment:16325,NSR:PlaceEquipment:16325,27,21,NSR:GeneralSign:18807,NSR:GeneralSign:18807,28,27
114373,NSR:Quay:24358,5,6,NSR:PlaceEquipment:16325,NSR:PlaceEquipment:16325,27,21,NSR:ShelterEquipment:3545,NSR:ShelterEquipment:3545,2,1
114376,NSR:Quay:24359,5,6,NSR:PlaceEquipment:16327,NSR:PlaceEquipment:16327,2,1,NSR:GeneralSign:18812,NSR:GeneralSign:18812,19,13
114376,NSR:Quay:24359,5,6,NSR:PlaceEquipment:16327,NSR:PlaceEquipment:16327,2,1,NSR:GeneralSign:18811,NSR:GeneralSign:18811,25,19
114383,NSR:Quay:24373,5,6,NSR:PlaceEquipment:16333,NSR:PlaceEquipment:16333,27,26,NSR:GeneralSign:18822,NSR:GeneralSign:18822,3,18
114383,NSR:Quay:24373,5,6,NSR:PlaceEquipment:16333,NSR:PlaceEquipment:16333,27,26,NSR:GeneralSign:18821,NSR:GeneralSign:18821,27,20
114383,NSR:Quay:24373,5,6,NSR:PlaceEquipment:16333,NSR:PlaceEquipment:16333,27,26,NSR:ShelterEquipment:3546,NSR:ShelterEquipment:3546,4,5
120494,NSR:Quay:71181,5,6,NSR:PlaceEquipment:40138,NSR:PlaceEquipment:40138,3,2,NSR:GeneralSign:40114,NSR:GeneralSign:40114,3,2
120494,NSR:Quay:71181,5,6,NSR:PlaceEquipment:40138,NSR:PlaceEquipment:40138,3,2,NSR:ShelterEquipment:22113,NSR:ShelterEquipment:22113,3,1
120496,NSR:Quay:71184,5,6,NSR:PlaceEquipment:40139,NSR:PlaceEquipment:40139,2,1,NSR:GeneralSign:40115,NSR:GeneralSign:40115,3,2
120496,NSR:Quay:71184,5,6,NSR:PlaceEquipment:40139,NSR:PlaceEquipment:40139,2,1,NSR:ShelterEquipment:22114,NSR:ShelterEquipment:22114,3,1
121402,NSR:Quay:99770,5,6,NSR:PlaceEquipment:40589,NSR:PlaceEquipment:40589,2,1,NSR:GeneralSign:40534,NSR:GeneralSign:40534,2,1
121402,NSR:Quay:99770,5,6,NSR:PlaceEquipment:40589,NSR:PlaceEquipment:40589,2,1,NSR:ShelterEquipment:22318,NSR:ShelterEquipment:22318,1,2
124788,NSR:Quay:63142,5,6,NSR:PlaceEquipment:40843,NSR:PlaceEquipment:40843,2,1,NSR:GeneralSign:40793,NSR:GeneralSign:40793,1,2
124839,NSR:Quay:60207,5,6,NSR:PlaceEquipment:40854,NSR:PlaceEquipment:40854,1,3,NSR:GeneralSign:40799,NSR:GeneralSign:40799,2,1
108305,NSR:Quay:19232,5,6,NSR:PlaceEquipment:16235,NSR:PlaceEquipment:16235,3,4,NSR:GeneralSign:18699,NSR:GeneralSign:18699,3,2
108304,NSR:Quay:19231,5,6,NSR:PlaceEquipment:16234,NSR:PlaceEquipment:16234,4,3,NSR:ShelterEquipment:3505,NSR:ShelterEquipment:3505,1,2
108304,NSR:Quay:19231,5,6,NSR:PlaceEquipment:16234,NSR:PlaceEquipment:16234,4,3,NSR:GeneralSign:18696,NSR:GeneralSign:18696,1,4
125446,NSR:Quay:67915,5,6,NSR:PlaceEquipment:40890,NSR:PlaceEquipment:40890,4,2,NSR:WaitingRoomEquipment:24099,NSR:WaitingRoomEquipment:24099,5,4
125446,NSR:Quay:67915,5,6,NSR:PlaceEquipment:40890,NSR:PlaceEquipment:40890,4,2,NSR:ShelterEquipment:22454,NSR:ShelterEquipment:22454,4,3
125447,NSR:Quay:67918,5,6,NSR:PlaceEquipment:40883,NSR:PlaceEquipment:40883,1,3,NSR:ShelterEquipment:22449,NSR:ShelterEquipment:22449,5,4
125448,NSR:Quay:67917,5,6,NSR:PlaceEquipment:40884,NSR:PlaceEquipment:40884,4,3,NSR:GeneralSign:40829,NSR:GeneralSign:40829,4,1
125448,NSR:Quay:67917,5,6,NSR:PlaceEquipment:40884,NSR:PlaceEquipment:40884,4,3,NSR:WaitingRoomEquipment:24093,NSR:WaitingRoomEquipment:24093,3,4
125448,NSR:Quay:67917,5,6,NSR:PlaceEquipment:40884,NSR:PlaceEquipment:40884,4,3,NSR:ShelterEquipment:22450,NSR:ShelterEquipment:22450,5,1
125449,NSR:Quay:67922,5,6,NSR:PlaceEquipment:40885,NSR:PlaceEquipment:40885,5,4,NSR:GeneralSign:40830,NSR:GeneralSign:40830,4,3
125449,NSR:Quay:67922,5,6,NSR:PlaceEquipment:40885,NSR:PlaceEquipment:40885,5,4,NSR:WaitingRoomEquipment:24094,NSR:WaitingRoomEquipment:24094,3,5
125454,NSR:Quay:67924,5,6,NSR:PlaceEquipment:40889,NSR:PlaceEquipment:40889,3,1,NSR:WaitingRoomEquipment:24098,NSR:WaitingRoomEquipment:24098,2,1
125457,NSR:Quay:67914,5,6,NSR:PlaceEquipment:40892,NSR:PlaceEquipment:40892,1,3,NSR:GeneralSign:40837,NSR:GeneralSign:40837,4,3
125466,NSR:Quay:100018,5,6,NSR:PlaceEquipment:40894,NSR:PlaceEquipment:40894,2,1,NSR:GeneralSign:12964,NSR:GeneralSign:12964,4,3
125466,NSR:Quay:100018,5,6,NSR:PlaceEquipment:40894,NSR:PlaceEquipment:40894,2,1,NSR:WaitingRoomEquipment:218,NSR:WaitingRoomEquipment:218,2,4
125466,NSR:Quay:100018,5,6,NSR:PlaceEquipment:40894,NSR:PlaceEquipment:40894,2,1,NSR:ShelterEquipment:1730,NSR:ShelterEquipment:1730,1,3
114407,NSR:Quay:24358,6,7,NSR:PlaceEquipment:16325,NSR:PlaceEquipment:16325,21,16,NSR:GeneralSign:18807,NSR:GeneralSign:18807,27,26
125472,NSR:Quay:67916,6,7,NSR:PlaceEquipment:40891,NSR:PlaceEquipment:40891,4,1,NSR:GeneralSign:40836,NSR:GeneralSign:40836,3,2
125460,NSR:Quay:67919,6,7,NSR:PlaceEquipment:40882,NSR:PlaceEquipment:40882,3,2,NSR:GeneralSign:40827,NSR:GeneralSign:40827,5,2
125460,NSR:Quay:67919,6,7,NSR:PlaceEquipment:40882,NSR:PlaceEquipment:40882,3,2,NSR:WaitingRoomEquipment:24091,NSR:WaitingRoomEquipment:24091,5,3
129999,NSR:Quay:19231,6,7,NSR:PlaceEquipment:16234,NSR:PlaceEquipment:16234,3,1,NSR:GeneralSign:18696,NSR:GeneralSign:18696,4,3
125460,NSR:Quay:67919,6,7,NSR:PlaceEquipment:40882,NSR:PlaceEquipment:40882,3,2,NSR:ShelterEquipment:22448,NSR:ShelterEquipment:22448,4,2
130000,NSR:Quay:19232,6,7,NSR:PlaceEquipment:16235,NSR:PlaceEquipment:16235,4,1,NSR:GeneralSign:18701,NSR:GeneralSign:18701,4,3
124811,NSR:Quay:60375,6,7,NSR:PlaceEquipment:40845,NSR:PlaceEquipment:40845,1,2,NSR:ShelterEquipment:22429,NSR:ShelterEquipment:22429,2,1
114418,NSR:Quay:24373,6,7,NSR:PlaceEquipment:16333,NSR:PlaceEquipment:16333,26,25,NSR:ShelterEquipment:3546,NSR:ShelterEquipment:3546,5,6
130000,NSR:Quay:19232,6,7,NSR:PlaceEquipment:16235,NSR:PlaceEquipment:16235,4,1,NSR:GeneralSign:18699,NSR:GeneralSign:18699,2,1
125462,NSR:Quay:67915,6,7,NSR:PlaceEquipment:40890,NSR:PlaceEquipment:40890,2,1,NSR:GeneralSign:40835,NSR:GeneralSign:40835,3,5
124842,NSR:Quay:60207,6,7,NSR:PlaceEquipment:40854,NSR:PlaceEquipment:40854,3,2,NSR:GeneralSign:40799,NSR:GeneralSign:40799,1,3
124844,NSR:Quay:60205,6,7,NSR:PlaceEquipment:40855,NSR:PlaceEquipment:40855,3,2,NSR:GeneralSign:40800,NSR:GeneralSign:40800,1,2
113918,NSR:Quay:60852,6,7,NSR:PlaceEquipment:22047,NSR:PlaceEquipment:22047,2,1,NSR:ShelterEquipment:6008,NSR:ShelterEquipment:6008,2,1
113917,NSR:Quay:60850,6,7,NSR:PlaceEquipment:22046,NSR:PlaceEquipment:22046,1,2,NSR:GeneralSign:24011,NSR:GeneralSign:24011,2,1
125462,NSR:Quay:67915,6,7,NSR:PlaceEquipment:40890,NSR:PlaceEquipment:40890,2,1,NSR:WaitingRoomEquipment:24099,NSR:WaitingRoomEquipment:24099,4,3
125462,NSR:Quay:67915,6,7,NSR:PlaceEquipment:40890,NSR:PlaceEquipment:40890,2,1,NSR:ShelterEquipment:22454,NSR:ShelterEquipment:22454,3,5
134228,NSR:Quay:60339,6,7,NSR:PlaceEquipment:8512,NSR:PlaceEquipment:8512,12,11,NSR:GeneralSign:10557,NSR:GeneralSign:10557,5,2
125464,NSR:Quay:67917,6,7,NSR:PlaceEquipment:40884,NSR:PlaceEquipment:40884,3,2,NSR:GeneralSign:40829,NSR:GeneralSign:40829,1,3
128510,NSR:Quay:16457,6,7,NSR:PlaceEquipment:41366,NSR:PlaceEquipment:41366,2,1,NSR:GeneralSign:41299,NSR:GeneralSign:41299,2,4
114418,NSR:Quay:24373,6,7,NSR:PlaceEquipment:16333,NSR:PlaceEquipment:16333,26,25,NSR:GeneralSign:18821,NSR:GeneralSign:18821,20,25
125464,NSR:Quay:67917,6,7,NSR:PlaceEquipment:40884,NSR:PlaceEquipment:40884,3,2,NSR:WaitingRoomEquipment:24093,NSR:WaitingRoomEquipment:24093,4,2
125464,NSR:Quay:67917,6,7,NSR:PlaceEquipment:40884,NSR:PlaceEquipment:40884,3,2,NSR:ShelterEquipment:22450,NSR:ShelterEquipment:22450,1,3
125465,NSR:Quay:67922,6,7,NSR:PlaceEquipment:40885,NSR:PlaceEquipment:40885,4,3,NSR:GeneralSign:40830,NSR:GeneralSign:40830,3,2
125465,NSR:Quay:67922,6,7,NSR:PlaceEquipment:40885,NSR:PlaceEquipment:40885,4,3,NSR:WaitingRoomEquipment:24094,NSR:WaitingRoomEquipment:24094,5,1
125473,NSR:Quay:67914,6,7,NSR:PlaceEquipment:40892,NSR:PlaceEquipment:40892,3,2,NSR:GeneralSign:40837,NSR:GeneralSign:40837,3,1
125473,NSR:Quay:67914,6,7,NSR:PlaceEquipment:40892,NSR:PlaceEquipment:40892,3,2,NSR:WaitingRoomEquipment:24101,NSR:WaitingRoomEquipment:24101,2,5
125473,NSR:Quay:67914,6,7,NSR:PlaceEquipment:40892,NSR:PlaceEquipment:40892,3,2,NSR:ShelterEquipment:22456,NSR:ShelterEquipment:22456,5,4
125470,NSR:Quay:67921,6,7,NSR:PlaceEquipment:40888,NSR:PlaceEquipment:40888,4,5,NSR:GeneralSign:40833,NSR:GeneralSign:40833,5,4
125470,NSR:Quay:67921,6,7,NSR:PlaceEquipment:40888,NSR:PlaceEquipment:40888,4,5,NSR:ShelterEquipment:22453,NSR:ShelterEquipment:22453,3,2
114438,NSR:Quay:24770,6,7,NSR:PlaceEquipment:14807,NSR:PlaceEquipment:14807,10,9,NSR:GeneralSign:17214,NSR:GeneralSign:17214,13,3
114438,NSR:Quay:24770,6,7,NSR:PlaceEquipment:14807,NSR:PlaceEquipment:14807,10,9,NSR:ShelterEquipment:3098,NSR:ShelterEquipment:3098,7,14
114418,NSR:Quay:24373,6,7,NSR:PlaceEquipment:16333,NSR:PlaceEquipment:16333,26,25,NSR:GeneralSign:18822,NSR:GeneralSign:18822,18,28
114062,NSR:Quay:64216,7,8,NSR:PlaceEquipment:22059,NSR:PlaceEquipment:22059,2,1,NSR:GeneralSign:24022,NSR:GeneralSign:24022,1,2
133261,NSR:Quay:7202,7,8,NSR:PlaceEquipment:41777,NSR:PlaceEquipment:41777,2,3,NSR:GeneralSign:41708,NSR:GeneralSign:41708,2,1
136364,NSR:Quay:19231,7,8,NSR:PlaceEquipment:16234,NSR:PlaceEquipment:16234,1,2,NSR:ShelterEquipment:3505,NSR:ShelterEquipment:3505,4,3
111844,NSR:Quay:98634,7,8,NSR:PlaceEquipment:20010,NSR:PlaceEquipment:20010,1,2,NSR:GeneralSign:22003,NSR:GeneralSign:22003,2,1
136364,NSR:Quay:19231,7,8,NSR:PlaceEquipment:16234,NSR:PlaceEquipment:16234,1,2,NSR:GeneralSign:18696,NSR:GeneralSign:18696,3,2
114061,NSR:Quay:64215,7,8,NSR:PlaceEquipment:22058,NSR:PlaceEquipment:22058,1,2,NSR:GeneralSign:24021,NSR:GeneralSign:24021,2,1
114061,NSR:Quay:64215,7,8,NSR:PlaceEquipment:22058,NSR:PlaceEquipment:22058,1,2,NSR:ShelterEquipment:6013,NSR:ShelterEquipment:6013,2,1
136364,NSR:Quay:19231,7,8,NSR:PlaceEquipment:16234,NSR:PlaceEquipment:16234,1,2,NSR:GeneralSign:18697,NSR:GeneralSign:18697,4,3
111862,NSR:Quay:11036,7,8,NSR:PlaceEquipment:20012,NSR:PlaceEquipment:20012,2,1,NSR:GeneralSign:22003,NSR:GeneralSign:22003,3,4
113514,NSR:Quay:98650,8,9,NSR:PlaceEquipment:22006,NSR:PlaceEquipment:22006,2,1,NSR:ShelterEquipment:6001,NSR:ShelterEquipment:6001,1,3
120032,NSR:Quay:73424,8,9,NSR:PlaceEquipment:40062,NSR:PlaceEquipment:40062,2,1,NSR:ShelterEquipment:22038,NSR:ShelterEquipment:22038,1,2
120033,NSR:Quay:73425,8,9,NSR:PlaceEquipment:40063,NSR:PlaceEquipment:40063,2,1,NSR:GeneralSign:40050,NSR:GeneralSign:40050,2,1
120033,NSR:Quay:73425,8,9,NSR:PlaceEquipment:40063,NSR:PlaceEquipment:40063,2,1,NSR:ShelterEquipment:22039,NSR:ShelterEquipment:22039,1,2
120034,NSR:Quay:73426,8,9,NSR:PlaceEquipment:40064,NSR:PlaceEquipment:40064,2,1,NSR:GeneralSign:40051,NSR:GeneralSign:40051,1,2
120034,NSR:Quay:73426,8,9,NSR:PlaceEquipment:40064,NSR:PlaceEquipment:40064,2,1,NSR:ShelterEquipment:22040,NSR:ShelterEquipment:22040,1,2
134236,NSR:Quay:60339,8,9,NSR:PlaceEquipment:8512,NSR:PlaceEquipment:8512,9,8,NSR:GeneralSign:10557,NSR:GeneralSign:10557,4,3
120032,NSR:Quay:73424,8,9,NSR:PlaceEquipment:40062,NSR:PlaceEquipment:40062,2,1,NSR:GeneralSign:40049,NSR:GeneralSign:40049,1,2
113514,NSR:Quay:98650,8,9,NSR:PlaceEquipment:22006,NSR:PlaceEquipment:22006,2,1,NSR:GeneralSign:24001,NSR:GeneralSign:24001,2,1
111850,NSR:Quay:98635,8,9,NSR:PlaceEquipment:20011,NSR:PlaceEquipment:20011,3,4,NSR:GeneralSign:22004,NSR:GeneralSign:22004,4,3
116988,NSR:Quay:11091,8,9,NSR:PlaceEquipment:24035,NSR:PlaceEquipment:24035,3,1,NSR:GeneralSign:26019,NSR:GeneralSign:26019,3,2
114498,NSR:Quay:24372,8,9,NSR:PlaceEquipment:16342,NSR:PlaceEquipment:16342,10,17,NSR:GeneralSign:18832,NSR:GeneralSign:18832,14,13
124540,NSR:Quay:74649,8,9,NSR:PlaceEquipment:40826,NSR:PlaceEquipment:40826,1,2,NSR:ShelterEquipment:22417,NSR:ShelterEquipment:22417,2,1
124552,NSR:Quay:74648,8,9,NSR:PlaceEquipment:40827,NSR:PlaceEquipment:40827,2,1,NSR:GeneralSign:40781,NSR:GeneralSign:40781,2,1
124552,NSR:Quay:74648,8,9,NSR:PlaceEquipment:40827,NSR:PlaceEquipment:40827,2,1,NSR:ShelterEquipment:22418,NSR:ShelterEquipment:22418,2,1
114486,NSR:Quay:24373,8,9,NSR:PlaceEquipment:16333,NSR:PlaceEquipment:16333,23,22,NSR:ShelterEquipment:3546,NSR:ShelterEquipment:3546,8,9
114486,NSR:Quay:24373,8,9,NSR:PlaceEquipment:16333,NSR:PlaceEquipment:16333,23,22,NSR:GeneralSign:18821,NSR:GeneralSign:18821,12,22
114486,NSR:Quay:24373,8,9,NSR:PlaceEquipment:16333,NSR:PlaceEquipment:16333,23,22,NSR:GeneralSign:18822,NSR:GeneralSign:18822,22,26
120030,NSR:Quay:73422,8,9,NSR:PlaceEquipment:40060,NSR:PlaceEquipment:40060,2,1,NSR:GeneralSign:40047,NSR:GeneralSign:40047,2,1
120030,NSR:Quay:73422,8,9,NSR:PlaceEquipment:40060,NSR:PlaceEquipment:40060,2,1,NSR:ShelterEquipment:22036,NSR:ShelterEquipment:22036,2,1
114476,NSR:Quay:24362,8,9,NSR:PlaceEquipment:16326,NSR:PlaceEquipment:16326,18,2,NSR:GeneralSign:18810,NSR:GeneralSign:18810,17,16
114475,NSR:Quay:24358,8,9,NSR:PlaceEquipment:16325,NSR:PlaceEquipment:16325,12,23,NSR:GeneralSign:18807,NSR:GeneralSign:18807,23,22
120031,NSR:Quay:73423,8,9,NSR:PlaceEquipment:40061,NSR:PlaceEquipment:40061,1,2,NSR:GeneralSign:40048,NSR:GeneralSign:40048,2,1
116994,NSR:Quay:11091,9,10,NSR:PlaceEquipment:24035,NSR:PlaceEquipment:24035,1,2,NSR:GeneralSign:26019,NSR:GeneralSign:26019,2,1
113524,NSR:Quay:98650,9,10,NSR:PlaceEquipment:22006,NSR:PlaceEquipment:22006,1,3,NSR:ShelterEquipment:6001,NSR:ShelterEquipment:6001,3,2
114509,NSR:Quay:24358,9,10,NSR:PlaceEquipment:16325,NSR:PlaceEquipment:16325,23,7,NSR:GeneralSign:18808,NSR:GeneralSign:18808,8,7
111864,NSR:Quay:98635,9,10,NSR:PlaceEquipment:20011,NSR:PlaceEquipment:20011,4,1,NSR:GeneralSign:22004,NSR:GeneralSign:22004,3,2
111880,NSR:Quay:11036,9,10,NSR:PlaceEquipment:20013,NSR:PlaceEquipment:20013,2,1,NSR:GeneralSign:22005,NSR:GeneralSign:22005,2,1
114578,NSR:Quay:24362,11,12,NSR:PlaceEquipment:16326,NSR:PlaceEquipment:16326,1,7,NSR:GeneralSign:18809,NSR:GeneralSign:18809,21,20
114577,NSR:Quay:24358,11,12,NSR:PlaceEquipment:16325,NSR:PlaceEquipment:16325,15,14,NSR:ShelterEquipment:3545,NSR:ShelterEquipment:3545,16,15
114577,NSR:Quay:24358,11,12,NSR:PlaceEquipment:16325,NSR:PlaceEquipment:16325,15,14,NSR:GeneralSign:18807,NSR:GeneralSign:18807,21,20
114577,NSR:Quay:24358,11,12,NSR:PlaceEquipment:16325,NSR:PlaceEquipment:16325,15,14,NSR:GeneralSign:18808,NSR:GeneralSign:18808,13,14
114582,NSR:Quay:24373,11,12,NSR:PlaceEquipment:16333,NSR:PlaceEquipment:16333,21,20,NSR:ShelterEquipment:3546,NSR:ShelterEquipment:3546,10,11
114582,NSR:Quay:24373,11,12,NSR:PlaceEquipment:16333,NSR:PlaceEquipment:16333,21,20,NSR:GeneralSign:18821,NSR:GeneralSign:18821,15,17
114603,NSR:Quay:24369,11,12,NSR:PlaceEquipment:16339,NSR:PlaceEquipment:16339,18,9,NSR:ShelterEquipment:3547,NSR:ShelterEquipment:3547,19,18
114582,NSR:Quay:24373,11,12,NSR:PlaceEquipment:16333,NSR:PlaceEquipment:16333,21,20,NSR:GeneralSign:18822,NSR:GeneralSign:18822,8,23
124547,NSR:Quay:74648,11,12,NSR:PlaceEquipment:40830,NSR:PlaceEquipment:40830,2,1,NSR:ShelterEquipment:22421,NSR:ShelterEquipment:22421,1,2
124547,NSR:Quay:74648,11,12,NSR:PlaceEquipment:40830,NSR:PlaceEquipment:40830,2,1,NSR:GeneralSign:40784,NSR:GeneralSign:40784,2,1
129946,NSR:Quay:11091,11,12,NSR:PlaceEquipment:41446,NSR:PlaceEquipment:41446,1,2,NSR:GeneralSign:41379,NSR:GeneralSign:41379,2,1
114594,NSR:Quay:24359,11,12,NSR:PlaceEquipment:16327,NSR:PlaceEquipment:16327,9,3,NSR:GeneralSign:18811,NSR:GeneralSign:18811,22,21
114626,NSR:Quay:24372,12,13,NSR:PlaceEquipment:16342,NSR:PlaceEquipment:16342,6,15,NSR:GeneralSign:18832,NSR:GeneralSign:18832,3,2
114630,NSR:Quay:24360,12,13,NSR:PlaceEquipment:16329,NSR:PlaceEquipment:16329,9,8,NSR:GeneralSign:18813,NSR:GeneralSign:18813,6,18
114616,NSR:Quay:24373,12,13,NSR:PlaceEquipment:16333,NSR:PlaceEquipment:16333,20,19,NSR:GeneralSign:18822,NSR:GeneralSign:18822,23,1
114616,NSR:Quay:24373,12,13,NSR:PlaceEquipment:16333,NSR:PlaceEquipment:16333,20,19,NSR:ShelterEquipment:3546,NSR:ShelterEquipment:3546,11,12
114616,NSR:Quay:24373,12,13,NSR:PlaceEquipment:16333,NSR:PlaceEquipment:16333,20,19,NSR:GeneralSign:18821,NSR:GeneralSign:18821,17,18
114630,NSR:Quay:24360,12,13,NSR:PlaceEquipment:16329,NSR:PlaceEquipment:16329,9,8,NSR:GeneralSign:18814,NSR:GeneralSign:18814,11,12
112201,NSR:Quay:11036,12,13,NSR:PlaceEquipment:20019,NSR:PlaceEquipment:20019,2,1,NSR:GeneralSign:22010,NSR:GeneralSign:22010,1,2
114611,NSR:Quay:24358,12,13,NSR:PlaceEquipment:16325,NSR:PlaceEquipment:16325,14,10,NSR:GeneralSign:18807,NSR:GeneralSign:18807,20,19
114652,NSR:Quay:24368,13,14,NSR:PlaceEquipment:16337,NSR:PlaceEquipment:16337,25,19,NSR:GeneralSign:18825,NSR:GeneralSign:18825,21,20
114650,NSR:Quay:24373,13,14,NSR:PlaceEquipment:16333,NSR:PlaceEquipment:16333,19,18,NSR:GeneralSign:18821,NSR:GeneralSign:18821,18,14
114650,NSR:Quay:24373,13,14,NSR:PlaceEquipment:16333,NSR:PlaceEquipment:16333,19,18,NSR:ShelterEquipment:3546,NSR:ShelterEquipment:3546,12,13
114645,NSR:Quay:24358,13,14,NSR:PlaceEquipment:16325,NSR:PlaceEquipment:16325,10,5,NSR:GeneralSign:18807,NSR:GeneralSign:18807,19,18
114650,NSR:Quay:24373,13,14,NSR:PlaceEquipment:16333,NSR:PlaceEquipment:16333,19,18,NSR:GeneralSign:18822,NSR:GeneralSign:18822,1,5
130093,NSR:Quay:11037,14,15,NSR:PlaceEquipment:41451,NSR:PlaceEquipment:41451,1,2,NSR:GeneralSign:41386,NSR:GeneralSign:41386,3,2
114684,NSR:Quay:24373,14,15,NSR:PlaceEquipment:16333,NSR:PlaceEquipment:16333,18,17,NSR:ShelterEquipment:3546,NSR:ShelterEquipment:3546,13,14
130094,NSR:Quay:11036,14,15,NSR:PlaceEquipment:41452,NSR:PlaceEquipment:41452,3,2,NSR:GeneralSign:41387,NSR:GeneralSign:41387,2,1
114684,NSR:Quay:24373,14,15,NSR:PlaceEquipment:16333,NSR:PlaceEquipment:16333,18,17,NSR:GeneralSign:18821,NSR:GeneralSign:18821,14,3
114684,NSR:Quay:24373,14,15,NSR:PlaceEquipment:16333,NSR:PlaceEquipment:16333,18,17,NSR:GeneralSign:18822,NSR:GeneralSign:18822,5,21
114679,NSR:Quay:24358,14,15,NSR:PlaceEquipment:16325,NSR:PlaceEquipment:16325,5,2,NSR:GeneralSign:18807,NSR:GeneralSign:18807,18,17
130098,NSR:Quay:11036,15,16,NSR:PlaceEquipment:41452,NSR:PlaceEquipment:41452,2,1,NSR:GeneralSign:41387,NSR:GeneralSign:41387,1,3
114718,NSR:Quay:24373,15,16,NSR:PlaceEquipment:16333,NSR:PlaceEquipment:16333,17,16,NSR:ShelterEquipment:3546,NSR:ShelterEquipment:3546,14,15
114718,NSR:Quay:24373,15,16,NSR:PlaceEquipment:16333,NSR:PlaceEquipment:16333,17,16,NSR:GeneralSign:18821,NSR:GeneralSign:18821,3,8
130097,NSR:Quay:11037,15,16,NSR:PlaceEquipment:41451,NSR:PlaceEquipment:41451,2,3,NSR:GeneralSign:41386,NSR:GeneralSign:41386,2,1
114713,NSR:Quay:24358,15,16,NSR:PlaceEquipment:16325,NSR:PlaceEquipment:16325,2,3,NSR:GeneralSign:18807,NSR:GeneralSign:18807,17,16
114718,NSR:Quay:24373,15,16,NSR:PlaceEquipment:16333,NSR:PlaceEquipment:16333,17,16,NSR:GeneralSign:18822,NSR:GeneralSign:18822,21,10
120203,NSR:Quay:98580,15,16,NSR:PlaceEquipment:40145,NSR:PlaceEquipment:40145,1,2,NSR:ShelterEquipment:22116,NSR:ShelterEquipment:22116,2,1
120208,NSR:Quay:71411,16,17,NSR:PlaceEquipment:40149,NSR:PlaceEquipment:40149,1,2,NSR:GeneralSign:40123,NSR:GeneralSign:40123,2,1
120205,NSR:Quay:71419,16,17,NSR:PlaceEquipment:40147,NSR:PlaceEquipment:40147,2,1,NSR:ShelterEquipment:22118,NSR:ShelterEquipment:22118,1,2
120205,NSR:Quay:71419,16,17,NSR:PlaceEquipment:40147,NSR:PlaceEquipment:40147,2,1,NSR:GeneralSign:40121,NSR:GeneralSign:40121,1,2
120204,NSR:Quay:71417,16,17,NSR:PlaceEquipment:40146,NSR:PlaceEquipment:40146,1,2,NSR:ShelterEquipment:22117,NSR:ShelterEquipment:22117,2,1
120204,NSR:Quay:71417,16,17,NSR:PlaceEquipment:40146,NSR:PlaceEquipment:40146,1,2,NSR:GeneralSign:40120,NSR:GeneralSign:40120,2,1
120202,NSR:Quay:71412,16,17,NSR:PlaceEquipment:40144,NSR:PlaceEquipment:40144,1,2,NSR:GeneralSign:40119,NSR:GeneralSign:40119,2,1
120214,NSR:Quay:71418,16,17,NSR:PlaceEquipment:40154,NSR:PlaceEquipment:40154,2,1,NSR:ShelterEquipment:22125,NSR:ShelterEquipment:22125,1,2
114767,NSR:Quay:24360,16,17,NSR:PlaceEquipment:16329,NSR:PlaceEquipment:16329,3,4,NSR:GeneralSign:18813,NSR:GeneralSign:18813,28,27
120214,NSR:Quay:71418,16,17,NSR:PlaceEquipment:40154,NSR:PlaceEquipment:40154,2,1,NSR:GeneralSign:40128,NSR:GeneralSign:40128,1,2
120212,NSR:Quay:71420,16,17,NSR:PlaceEquipment:40153,NSR:PlaceEquipment:40153,1,2,NSR:ShelterEquipment:22124,NSR:ShelterEquipment:22124,2,1
120211,NSR:Quay:71416,16,17,NSR:PlaceEquipment:40152,NSR:PlaceEquipment:40152,1,2,NSR:ShelterEquipment:22123,NSR:ShelterEquipment:22123,2,1
120210,NSR:Quay:71415,16,17,NSR:PlaceEquipment:40151,NSR:PlaceEquipment:40151,1,2,NSR:GeneralSign:40125,NSR:GeneralSign:40125,2,1
120209,NSR:Quay:71422,16,17,NSR:PlaceEquipment:40150,NSR:PlaceEquipment:40150,2,1,NSR:ShelterEquipment:22121,NSR:ShelterEquipment:22121,2,1
120209,NSR:Quay:71422,16,17,NSR:PlaceEquipment:40150,NSR:PlaceEquipment:40150,2,1,NSR:GeneralSign:40124,NSR:GeneralSign:40124,1,2
114770,NSR:Quay:24365,16,17,NSR:PlaceEquipment:16331,NSR:PlaceEquipment:16331,21,20,NSR:GeneralSign:18816,NSR:GeneralSign:18816,9,15
114770,NSR:Quay:24365,16,17,NSR:PlaceEquipment:16331,NSR:PlaceEquipment:16331,21,20,NSR:GeneralSign:18817,NSR:GeneralSign:18817,13,26
114754,NSR:Quay:24368,16,17,NSR:PlaceEquipment:16337,NSR:PlaceEquipment:16337,9,17,NSR:GeneralSign:18825,NSR:GeneralSign:18825,29,28
114752,NSR:Quay:24373,16,17,NSR:PlaceEquipment:16333,NSR:PlaceEquipment:16333,16,15,NSR:ShelterEquipment:3546,NSR:ShelterEquipment:3546,15,16
114752,NSR:Quay:24373,16,17,NSR:PlaceEquipment:16333,NSR:PlaceEquipment:16333,16,15,NSR:GeneralSign:18821,NSR:GeneralSign:18821,8,9
114752,NSR:Quay:24373,16,17,NSR:PlaceEquipment:16333,NSR:PlaceEquipment:16333,16,15,NSR:GeneralSign:18822,NSR:GeneralSign:18822,10,7
114747,NSR:Quay:24358,16,17,NSR:PlaceEquipment:16325,NSR:PlaceEquipment:16325,3,6,NSR:GeneralSign:18807,NSR:GeneralSign:18807,16,15
114786,NSR:Quay:24373,17,18,NSR:PlaceEquipment:16333,NSR:PlaceEquipment:16333,15,14,NSR:GeneralSign:18821,NSR:GeneralSign:18821,9,4
114786,NSR:Quay:24373,17,18,NSR:PlaceEquipment:16333,NSR:PlaceEquipment:16333,15,14,NSR:GeneralSign:18822,NSR:GeneralSign:18822,7,14
114782,NSR:Quay:24362,17,18,NSR:PlaceEquipment:16326,NSR:PlaceEquipment:16326,13,10,NSR:GeneralSign:18810,NSR:GeneralSign:18810,4,3
114781,NSR:Quay:24358,17,18,NSR:PlaceEquipment:16325,NSR:PlaceEquipment:16325,6,8,NSR:GeneralSign:18807,NSR:GeneralSign:18807,15,14
114786,NSR:Quay:24373,17,18,NSR:PlaceEquipment:16333,NSR:PlaceEquipment:16333,15,14,NSR:ShelterEquipment:3546,NSR:ShelterEquipment:3546,16,17
114835,NSR:Quay:24359,18,19,NSR:PlaceEquipment:16327,NSR:PlaceEquipment:16327,5,16,NSR:GeneralSign:18811,NSR:GeneralSign:18811,14,13
114821,NSR:Quay:24373,18,19,NSR:PlaceEquipment:16333,NSR:PlaceEquipment:16333,14,13,NSR:ShelterEquipment:3546,NSR:ShelterEquipment:3546,17,18
114821,NSR:Quay:24373,18,19,NSR:PlaceEquipment:16333,NSR:PlaceEquipment:16333,14,13,NSR:GeneralSign:18821,NSR:GeneralSign:18821,4,19
114821,NSR:Quay:24373,18,19,NSR:PlaceEquipment:16333,NSR:PlaceEquipment:16333,14,13,NSR:GeneralSign:18822,NSR:GeneralSign:18822,14,27
114816,NSR:Quay:24358,18,19,NSR:PlaceEquipment:16325,NSR:PlaceEquipment:16325,8,11,NSR:GeneralSign:18807,NSR:GeneralSign:18807,14,13
114847,NSR:Quay:24367,18,19,NSR:PlaceEquipment:16338,NSR:PlaceEquipment:16338,25,24,NSR:GeneralSign:18826,NSR:GeneralSign:18826,16,17
114863,NSR:Quay:24370,19,20,NSR:PlaceEquipment:16340,NSR:PlaceEquipment:16340,8,20,NSR:GeneralSign:18829,NSR:GeneralSign:18829,28,27
114854,NSR:Quay:24373,19,20,NSR:PlaceEquipment:16333,NSR:PlaceEquipment:16333,13,12,NSR:GeneralSign:18821,NSR:GeneralSign:18821,19,24
114854,NSR:Quay:24373,19,20,NSR:PlaceEquipment:16333,NSR:PlaceEquipment:16333,13,12,NSR:GeneralSign:18822,NSR:GeneralSign:18822,27,24
114849,NSR:Quay:24358,19,20,NSR:PlaceEquipment:16325,NSR:PlaceEquipment:16325,11,17,NSR:GeneralSign:18807,NSR:GeneralSign:18807,13,12
117031,NSR:Quay:99578,19,20,NSR:PlaceEquipment:24037,NSR:PlaceEquipment:24037,2,1,NSR:GeneralSign:26021,NSR:GeneralSign:26021,1,2
117031,NSR:Quay:99578,19,20,NSR:PlaceEquipment:24037,NSR:PlaceEquipment:24037,2,1,NSR:ShelterEquipment:8003,NSR:ShelterEquipment:8003,2,1
114868,NSR:Quay:24359,19,20,NSR:PlaceEquipment:16327,NSR:PlaceEquipment:16327,16,15,NSR:GeneralSign:18811,NSR:GeneralSign:18811,13,20
114868,NSR:Quay:24359,19,20,NSR:PlaceEquipment:16327,NSR:PlaceEquipment:16327,16,15,NSR:GeneralSign:18812,NSR:GeneralSign:18812,3,24
114854,NSR:Quay:24373,19,20,NSR:PlaceEquipment:16333,NSR:PlaceEquipment:16333,13,12,NSR:ShelterEquipment:3546,NSR:ShelterEquipment:3546,18,19
114881,NSR:Quay:24358,20,21,NSR:PlaceEquipment:16325,NSR:PlaceEquipment:16325,17,19,NSR:GeneralSign:18807,NSR:GeneralSign:18807,12,11
114940,NSR:Quay:24367,21,22,NSR:PlaceEquipment:16338,NSR:PlaceEquipment:16338,20,19,NSR:GeneralSign:18826,NSR:GeneralSign:18826,19,20
114918,NSR:Quay:24373,21,22,NSR:PlaceEquipment:16333,NSR:PlaceEquipment:16333,1,11,NSR:GeneralSign:18822,NSR:GeneralSign:18822,16,15
114912,NSR:Quay:24358,21,22,NSR:PlaceEquipment:16325,NSR:PlaceEquipment:16325,19,24,NSR:GeneralSign:18807,NSR:GeneralSign:18807,11,10
114969,NSR:Quay:24367,22,23,NSR:PlaceEquipment:16338,NSR:PlaceEquipment:16338,19,18,NSR:GeneralSign:18826,NSR:GeneralSign:18826,20,21
114942,NSR:Quay:24358,22,23,NSR:PlaceEquipment:16325,NSR:PlaceEquipment:16325,24,29,NSR:GeneralSign:18807,NSR:GeneralSign:18807,10,9
114946,NSR:Quay:24356,22,23,NSR:PlaceEquipment:16330,NSR:PlaceEquipment:16330,9,16,NSR:GeneralSign:18815,NSR:GeneralSign:18815,7,6
114947,NSR:Quay:24366,22,23,NSR:PlaceEquipment:16332,NSR:PlaceEquipment:16332,4,8,NSR:GeneralSign:18819,NSR:GeneralSign:18819,24,23
114948,NSR:Quay:24373,22,23,NSR:PlaceEquipment:16333,NSR:PlaceEquipment:16333,11,10,NSR:GeneralSign:18822,NSR:GeneralSign:18822,15,17
114948,NSR:Quay:24373,22,23,NSR:PlaceEquipment:16333,NSR:PlaceEquipment:16333,11,10,NSR:GeneralSign:18821,NSR:GeneralSign:18821,23,28
114948,NSR:Quay:24373,22,23,NSR:PlaceEquipment:16333,NSR:PlaceEquipment:16333,11,10,NSR:ShelterEquipment:3546,NSR:ShelterEquipment:3546,20,21
114949,NSR:Quay:24377,22,23,NSR:PlaceEquipment:16336,NSR:PlaceEquipment:16336,28,25,NSR:GeneralSign:18824,NSR:GeneralSign:18824,20,19
114954,NSR:Quay:24370,22,23,NSR:PlaceEquipment:16340,NSR:PlaceEquipment:16340,9,4,NSR:GeneralSign:18830,NSR:GeneralSign:18830,5,4
114956,NSR:Quay:24372,22,23,NSR:PlaceEquipment:16342,NSR:PlaceEquipment:16342,18,7,NSR:GeneralSign:18832,NSR:GeneralSign:18832,24,23
114971,NSR:Quay:24358,23,24,NSR:PlaceEquipment:16325,NSR:PlaceEquipment:16325,29,28,NSR:ShelterEquipment:3545,NSR:ShelterEquipment:3545,8,24
114977,NSR:Quay:24373,23,24,NSR:PlaceEquipment:16333,NSR:PlaceEquipment:16333,10,9,NSR:GeneralSign:18822,NSR:GeneralSign:18822,17,19
114977,NSR:Quay:24373,23,24,NSR:PlaceEquipment:16333,NSR:PlaceEquipment:16333,10,9,NSR:GeneralSign:18821,NSR:GeneralSign:18821,28,5
114997,NSR:Quay:24367,23,24,NSR:PlaceEquipment:16338,NSR:PlaceEquipment:16338,18,17,NSR:GeneralSign:18826,NSR:GeneralSign:18826,21,22
114998,NSR:Quay:24369,23,24,NSR:PlaceEquipment:16339,NSR:PlaceEquipment:16339,2,26,NSR:ShelterEquipment:3547,NSR:ShelterEquipment:3547,28,27
114977,NSR:Quay:24373,23,24,NSR:PlaceEquipment:16333,NSR:PlaceEquipment:16333,10,9,NSR:ShelterEquipment:3546,NSR:ShelterEquipment:3546,21,22
114971,NSR:Quay:24358,23,24,NSR:PlaceEquipment:16325,NSR:PlaceEquipment:16325,29,28,NSR:GeneralSign:18808,NSR:GeneralSign:18808,6,5
114971,NSR:Quay:24358,23,24,NSR:PlaceEquipment:16325,NSR:PlaceEquipment:16325,29,28,NSR:GeneralSign:18807,NSR:GeneralSign:18807,9,8
115004,NSR:Quay:24366,24,25,NSR:PlaceEquipment:16332,NSR:PlaceEquipment:16332,1,10,NSR:GeneralSign:18819,NSR:GeneralSign:18819,21,20
114999,NSR:Quay:24358,24,25,NSR:PlaceEquipment:16325,NSR:PlaceEquipment:16325,28,25,NSR:GeneralSign:18808,NSR:GeneralSign:18808,5,4
114999,NSR:Quay:24358,24,25,NSR:PlaceEquipment:16325,NSR:PlaceEquipment:16325,28,25,NSR:GeneralSign:18807,NSR:GeneralSign:18807,8,7
115014,NSR:Quay:24359,24,25,NSR:PlaceEquipment:16327,NSR:PlaceEquipment:16327,25,24,NSR:GeneralSign:18812,NSR:GeneralSign:18812,9,7
115014,NSR:Quay:24359,24,25,NSR:PlaceEquipment:16327,NSR:PlaceEquipment:16327,25,24,NSR:GeneralSign:18811,NSR:GeneralSign:18811,29,2
115015,NSR:Quay:24365,24,25,NSR:PlaceEquipment:16331,NSR:PlaceEquipment:16331,23,18,NSR:GeneralSign:18816,NSR:GeneralSign:18816,20,19
115024,NSR:Quay:24367,24,25,NSR:PlaceEquipment:16338,NSR:PlaceEquipment:16338,17,16,NSR:GeneralSign:18826,NSR:GeneralSign:18826,22,23
115006,NSR:Quay:24377,24,25,NSR:PlaceEquipment:16336,NSR:PlaceEquipment:16336,9,8,NSR:GeneralSign:18824,NSR:GeneralSign:18824,14,12
115005,NSR:Quay:24373,24,25,NSR:PlaceEquipment:16333,NSR:PlaceEquipment:16333,9,8,NSR:ShelterEquipment:3546,NSR:ShelterEquipment:3546,22,23
115005,NSR:Quay:24373,24,25,NSR:PlaceEquipment:16333,NSR:PlaceEquipment:16333,9,8,NSR:GeneralSign:18821,NSR:GeneralSign:18821,5,10
115005,NSR:Quay:24373,24,25,NSR:PlaceEquipment:16333,NSR:PlaceEquipment:16333,9,8,NSR:GeneralSign:18822,NSR:GeneralSign:18822,19,20
115033,NSR:Quay:24373,25,26,NSR:PlaceEquipment:16333,NSR:PlaceEquipment:16333,8,7,NSR:GeneralSign:18821,NSR:GeneralSign:18821,10,21
115041,NSR:Quay:24359,25,26,NSR:PlaceEquipment:16327,NSR:PlaceEquipment:16327,24,20,NSR:GeneralSign:18812,NSR:GeneralSign:18812,7,6
115033,NSR:Quay:24373,25,26,NSR:PlaceEquipment:16333,NSR:PlaceEquipment:16333,8,7,NSR:ShelterEquipment:3546,NSR:ShelterEquipment:3546,23,24
115026,NSR:Quay:24358,25,26,NSR:PlaceEquipment:16325,NSR:PlaceEquipment:16325,25,22,NSR:GeneralSign:18807,NSR:GeneralSign:18807,7,6
115033,NSR:Quay:24373,25,26,NSR:PlaceEquipment:16333,NSR:PlaceEquipment:16333,8,7,NSR:GeneralSign:18822,NSR:GeneralSign:18822,20,25
115059,NSR:Quay:24373,26,27,NSR:PlaceEquipment:16333,NSR:PlaceEquipment:16333,7,6,NSR:GeneralSign:18822,NSR:GeneralSign:18822,25,2
115058,NSR:Quay:24366,26,27,NSR:PlaceEquipment:16332,NSR:PlaceEquipment:16332,12,15,NSR:GeneralSign:18819,NSR:GeneralSign:18819,17,16
115059,NSR:Quay:24373,26,27,NSR:PlaceEquipment:16333,NSR:PlaceEquipment:16333,7,6,NSR:ShelterEquipment:3546,NSR:ShelterEquipment:3546,24,25
115059,NSR:Quay:24373,26,27,NSR:PlaceEquipment:16333,NSR:PlaceEquipment:16333,7,6,NSR:GeneralSign:18821,NSR:GeneralSign:18821,21,29
115052,NSR:Quay:24358,26,27,NSR:PlaceEquipment:16325,NSR:PlaceEquipment:16325,22,20,NSR:GeneralSign:18807,NSR:GeneralSign:18807,6,5
115066,NSR:Quay:24372,26,27,NSR:PlaceEquipment:16342,NSR:PlaceEquipment:16342,16,13,NSR:GeneralSign:18832,NSR:GeneralSign:18832,18,17
115083,NSR:Quay:24356,27,28,NSR:PlaceEquipment:16330,NSR:PlaceEquipment:16330,24,12,NSR:GeneralSign:18815,NSR:GeneralSign:18815,14,13
115085,NSR:Quay:24373,27,28,NSR:PlaceEquipment:16333,NSR:PlaceEquipment:16333,6,5,NSR:GeneralSign:18822,NSR:GeneralSign:18822,2,4
115085,NSR:Quay:24373,27,28,NSR:PlaceEquipment:16333,NSR:PlaceEquipment:16333,6,5,NSR:GeneralSign:18821,NSR:GeneralSign:18821,29,16
115085,NSR:Quay:24373,27,28,NSR:PlaceEquipment:16333,NSR:PlaceEquipment:16333,6,5,NSR:ShelterEquipment:3546,NSR:ShelterEquipment:3546,25,26
115099,NSR:Quay:24367,27,28,NSR:PlaceEquipment:16338,NSR:PlaceEquipment:16338,12,11,NSR:GeneralSign:18826,NSR:GeneralSign:18826,25,26
115108,NSR:Quay:24373,28,29,NSR:PlaceEquipment:16333,NSR:PlaceEquipment:16333,5,4,NSR:GeneralSign:18821,NSR:GeneralSign:18821,16,1
115108,NSR:Quay:24373,28,29,NSR:PlaceEquipment:16333,NSR:PlaceEquipment:16333,5,4,NSR:ShelterEquipment:3546,NSR:ShelterEquipment:3546,26,27
115102,NSR:Quay:24359,28,29,NSR:PlaceEquipment:16327,NSR:PlaceEquipment:16327,8,7,NSR:GeneralSign:18812,NSR:GeneralSign:18812,29,16
115102,NSR:Quay:24359,28,29,NSR:PlaceEquipment:16327,NSR:PlaceEquipment:16327,8,7,NSR:GeneralSign:18811,NSR:GeneralSign:18811,12,16
115108,NSR:Quay:24373,28,29,NSR:PlaceEquipment:16333,NSR:PlaceEquipment:16333,5,4,NSR:GeneralSign:18822,NSR:GeneralSign:18822,4,6
115111,NSR:Quay:24365,28,29,NSR:PlaceEquipment:16331,NSR:PlaceEquipment:16331,29,4,NSR:GeneralSign:18816,NSR:GeneralSign:18816,12,11
115126,NSR:Quay:24368,29,30,NSR:PlaceEquipment:16337,NSR:PlaceEquipment:16337,13,12,NSR:GeneralSign:18825,NSR:GeneralSign:18825,10,2
115124,NSR:Quay:24358,29,30,NSR:PlaceEquipment:16325,NSR:PlaceEquipment:16325,13,1,NSR:GeneralSign:18807,NSR:GeneralSign:18807,4,3
115131,NSR:Quay:24373,29,30,NSR:PlaceEquipment:16333,NSR:PlaceEquipment:16333,4,3,NSR:GeneralSign:18822,NSR:GeneralSign:18822,6,9
115142,NSR:Quay:24369,29,30,NSR:PlaceEquipment:16339,NSR:PlaceEquipment:16339,17,25,NSR:GeneralSign:18827,NSR:GeneralSign:18827,15,14
115134,NSR:Quay:24365,29,30,NSR:PlaceEquipment:16331,NSR:PlaceEquipment:16331,4,13,NSR:GeneralSign:18816,NSR:GeneralSign:18816,11,10
115131,NSR:Quay:24373,29,30,NSR:PlaceEquipment:16333,NSR:PlaceEquipment:16333,4,3,NSR:ShelterEquipment:3546,NSR:ShelterEquipment:3546,27,28
115131,NSR:Quay:24373,29,30,NSR:PlaceEquipment:16333,NSR:PlaceEquipment:16333,4,3,NSR:GeneralSign:18821,NSR:GeneralSign:18821,1,2
115130,NSR:Quay:24366,29,30,NSR:PlaceEquipment:16332,NSR:PlaceEquipment:16332,20,23,NSR:GeneralSign:18819,NSR:GeneralSign:18819,11,10
115152,NSR:Quay:24373,30,31,NSR:PlaceEquipment:16333,NSR:PlaceEquipment:16333,3,2,NSR:ShelterEquipment:3546,NSR:ShelterEquipment:3546,28,29
115146,NSR:Quay:24358,30,31,NSR:PlaceEquipment:16325,NSR:PlaceEquipment:16325,1,9,NSR:GeneralSign:18808,NSR:GeneralSign:18808,12,11
115146,NSR:Quay:24358,30,31,NSR:PlaceEquipment:16325,NSR:PlaceEquipment:16325,1,9,NSR:GeneralSign:18807,NSR:GeneralSign:18807,3,2
115152,NSR:Quay:24373,30,31,NSR:PlaceEquipment:16333,NSR:PlaceEquipment:16333,3,2,NSR:GeneralSign:18822,NSR:GeneralSign:18822,9,12
115152,NSR:Quay:24373,30,31,NSR:PlaceEquipment:16333,NSR:PlaceEquipment:16333,3,2,NSR:GeneralSign:18821,NSR:GeneralSign:18821,2,11
